Date,Close
2006-01-01,31.250000
2006-01-02,31.250000
2006-01-03,30.250000
2006-01-04,30.750000
2006-01-05,31.250000
2006-01-06,31.750000
2006-01-09,31.750000
2006-01-16,33.500000
2006-01-17,33.500000
2006-01-18,33.250000
2006-01-19,33.750000
2006-01-20,35.250000
2006-01-23,36.250000
2006-01-24,38.250000
2006-01-25,37.500000
2006-01-26,38.000000
2006-01-27,36.750000
2006-01-30,36.000000
2006-01-31,37.000000
2006-02-01,38.250000
2006-02-02,39.250000
2006-02-03,37.750000
2006-02-06,40.250000
2006-02-07,39.750000
2006-02-08,39.250000
2006-02-09,39.750000
2006-02-10,40.500000
2006-02-13,41.000000
2006-02-14,41.500000
2006-02-15,38.250000
2006-02-16,38.000000
2006-02-17,39.750000
2006-02-20,39.250000
2006-02-21,38.750000
2006-02-22,38.750000
2006-02-23,39.250000
2006-02-24,38.500000
2006-02-27,38.750000
2006-02-28,38.500000
2006-03-01,38.000000
2006-03-02,37.500000
2006-03-03,39.000000
2006-03-06,38.750000
2006-03-07,36.500000
2006-03-08,35.250000
2006-03-09,35.500000
2006-03-10,35.750000
2006-03-13,36.250000
2006-03-14,35.500000
2006-03-15,35.500000
2006-03-16,38.500000
2006-03-17,38.500000
2006-03-20,38.250000
2006-03-21,39.000000
2006-03-22,40.250000
2006-03-23,41.250000
2006-03-24,41.000000
2006-03-27,40.250000
2006-03-28,39.000000
2006-03-29,39.250000
2006-03-30,40.000000
2006-03-31,41.000000
2006-04-03,41.000000
2006-04-04,40.500000
2006-04-05,40.500000
2006-04-06,43.250000
2006-04-07,43.000000
2006-04-10,43.000000
2006-04-11,41.750000
2006-04-12,40.000000
2006-04-13,38.500000
2006-04-14,38.500000
2006-04-17,38.000000
2006-04-18,38.250000
2006-04-19,38.750000
2006-04-20,38.750000
2006-04-21,39.250000
2006-04-24,39.500000
2006-04-25,39.250000
2006-04-26,38.000000
2006-04-27,38.250000
2006-04-28,38.000000
2006-05-01,37.750000
2006-05-02,37.500000
2006-05-03,37.750000
2006-05-04,37.750000
2006-05-05,38.250000
2006-05-08,38.000000
2006-05-09,37.500000
2006-05-10,37.000000
2006-05-11,36.750000
2006-05-12,35.250000
2006-05-15,32.000000
2006-05-16,32.250000
2006-05-17,31.000000
2006-05-18,29.500000
2006-05-22,26.500000
2006-05-23,26.750000
2006-05-24,25.750000
2006-05-25,26.750000
2006-05-26,29.000000
2006-05-29,29.000000
2006-05-30,27.500000
2006-05-31,28.000000
2006-06-01,27.750000
2006-06-02,28.250000
2006-06-05,27.750000
2006-06-06,27.750000
2006-06-07,27.000000
2006-06-08,26.000000
2006-06-09,25.750000
2006-06-12,25.500000
2006-06-13,23.100000
2006-06-14,23.600000
2006-06-15,24.300000
2006-06-16,24.100000
2006-06-19,24.000000
2006-06-20,23.700000
2006-06-21,22.700000
2006-06-22,22.900000
2006-06-23,21.500000
2006-06-26,20.400000
2006-06-27,20.800000
2006-06-28,21.300000
2006-06-29,21.600000
2006-06-30,22.400000
2006-07-03,22.300000
2006-07-04,25.000000
2006-07-05,23.300000
2006-07-06,25.700000
2006-07-07,25.000000
2006-07-08,25.000000
2006-07-09,25.000000
2006-07-10,26.250000
2006-07-11,25.750000
2006-07-12,25.500000
2006-07-13,25.300000
2006-07-14,24.250000
2006-07-17,25.250000
2006-07-18,26.250000
2006-07-19,25.500000
2006-07-20,26.500000
2006-07-21,25.500000
2006-07-24,26.000000
2006-07-25,26.750000
2006-07-26,27.000000
2006-07-27,27.250000
2006-07-28,26.500000
2006-07-31,25.750000
2006-08-01,26.000000
2006-08-02,26.000000
2006-08-03,25.500000
2006-08-04,26.250000
2006-08-07,26.250000
2006-08-08,26.750000
2006-08-09,27.250000
2006-08-10,28.000000
2006-08-11,28.750000
2006-08-14,26.250000
2006-08-15,25.750000
2006-08-16,25.750000
2006-08-17,25.500000
2006-08-18,25.000000
2006-08-21,24.400000
2006-08-22,24.900000
2006-08-23,24.500000
2006-08-24,24.700000
2006-08-25,24.500000
2006-08-28,24.600000
2006-08-29,24.600000
2006-08-31,24.500000
2006-09-01,24.700000
2006-09-04,24.800000
2006-09-05,24.900000
2006-09-06,24.500000
2006-09-07,24.400000
2006-09-08,24.600000
2006-09-11,24.500000
2006-09-12,24.600000
2006-09-13,24.700000
2006-09-14,24.400000
2006-09-15,24.300000
2006-09-18,24.500000
2006-09-19,24.600000
2006-09-20,25.300000
2006-09-21,24.750000
2006-09-22,23.900000
2006-09-25,23.800000
2006-09-26,23.800000
2006-09-27,24.000000
2006-09-28,24.000000
2006-09-29,23.500000
2006-10-02,23.400000
2006-10-03,23.200000
2006-10-04,23.000000
2006-10-05,23.300000
2006-10-06,23.200000
2006-10-09,23.500000
2006-10-10,23.300000
2006-10-11,23.200000
2006-10-12,23.600000
2006-10-13,23.800000
2006-10-16,24.600000
2006-10-17,23.700000
2006-10-18,24.000000
2006-10-19,24.400000
2006-10-20,24.500000
2006-10-26,25.100000
2006-10-27,25.000000
2006-10-30,24.800000
2006-10-31,25.600000
2006-11-01,25.500000
2006-11-02,24.750000
2006-11-03,24.800000
2006-11-06,25.300000
2006-11-07,25.750000
2006-11-08,26.750000
2006-11-09,27.750000
2006-11-10,27.250000
2006-11-13,26.000000
2006-11-14,26.250000
2006-11-15,26.000000
2006-11-16,26.000000
2006-11-17,25.000000
2006-11-20,24.700000
2006-11-21,24.700000
2006-11-22,24.300000
2006-11-23,24.400000
2006-11-24,24.400000
2006-11-27,24.500000
2006-11-28,24.100000
2006-11-29,24.400000
2006-11-30,25.200000
2006-12-01,25.500000
2006-12-04,25.750000
2006-12-05,25.000000
2006-12-06,25.200000
2006-12-08,25.000000
2006-12-11,24.800000
2006-12-12,25.000000
2006-12-13,24.700000
2006-12-14,24.700000
2006-12-27,24.200000
2006-12-28,24.500000
2006-12-30,24.300000
2006-12-31,24.300000
2007-01-08,24.400000
2007-01-09,24.400000
2007-01-10,22.900000
2007-01-11,23.100000
2007-01-12,23.400000
2007-01-15,23.700000
2007-01-16,24.400000
2007-01-17,24.500000
2007-01-18,26.800000
2007-01-19,28.500000
2007-01-22,28.250000
2007-01-23,27.500000
2007-01-24,27.500000
2007-01-25,27.750000
2007-01-26,30.000000
2007-01-29,29.500000
2007-01-30,29.250000
2007-01-31,29.250000
2007-02-01,30.000000
2007-02-02,29.750000
2007-02-05,30.250000
2007-02-06,30.250000
2007-02-07,30.750000
2007-02-08,31.000000
2007-02-09,31.000000
2007-02-12,32.750000
2007-02-13,32.750000
2007-02-14,32.750000
2007-02-15,31.500000
2007-02-16,31.500000
2007-02-19,32.250000
2007-02-20,32.250000
2007-02-21,31.500000
2007-02-22,31.500000
2007-02-23,30.500000
2007-02-26,30.000000
2007-02-27,29.000000
2007-02-28,28.250000
2007-03-01,28.250000
2007-03-02,25.750000
2007-03-05,24.750000
2007-03-07,26.750000
2007-03-08,26.750000
2007-03-09,27.250000
2007-03-12,27.500000
2007-03-13,27.000000
2007-03-14,25.000000
2007-03-15,25.750000
2007-03-16,25.500000
2007-03-19,26.250000
2007-03-20,26.500000
2007-03-21,26.500000
2007-03-22,26.750000
2007-03-23,26.250000
2007-03-26,27.000000
2007-03-27,27.250000
2007-03-28,27.000000
2007-03-29,27.250000
2007-04-02,28.250000
2007-04-03,28.000000
2007-04-04,28.750000
2007-04-05,28.500000
2007-04-06,28.250000
2007-04-09,28.500000
2007-04-10,29.000000
2007-04-11,28.500000
2007-04-12,28.000000
2007-04-13,27.750000
2007-04-16,27.750000
2007-04-17,28.000000
2007-04-18,28.000000
2007-04-19,26.500000
2007-04-20,27.250000
2007-04-24,27.000000
2007-04-25,27.500000
2007-04-26,28.000000
2007-04-27,27.500000
2007-04-30,24.750000
2007-05-01,24.300000
2007-05-02,24.700000
2007-05-03,24.600000
2007-05-04,25.000000
2007-05-07,26.250000
2007-05-08,26.500000
2007-05-09,27.000000
2007-05-10,26.750000
2007-05-11,26.500000
2007-05-14,27.500000
2007-05-15,27.500000
2007-05-16,27.500000
2007-05-17,27.750000
2007-05-18,27.500000
2007-05-21,28.000000
2007-05-22,29.000000
2007-05-23,28.250000
2007-05-24,28.500000
2007-05-25,28.000000
2007-05-28,28.000000
2007-05-29,29.000000
2007-05-30,28.500000
2007-05-31,28.000000
2007-06-01,27.250000
2007-06-04,27.250000
2007-06-05,27.250000
2007-06-06,27.250000
2007-06-07,26.750000
2007-06-08,25.750000
2007-06-11,26.000000
2007-06-12,26.250000
2007-06-13,25.500000
2007-06-14,26.000000
2007-06-15,26.000000
2007-06-18,26.000000
2007-06-19,25.750000
2007-06-20,25.750000
2007-06-21,25.500000
2007-06-22,25.500000
2007-06-25,25.250000
2007-06-26,25.000000
2007-06-27,25.250000
2007-06-28,25.100000
2007-07-02,26.000000
2007-07-03,26.250000
2007-07-04,27.000000
2007-07-05,27.000000
2007-07-06,27.000000
2007-07-09,27.250000
2007-07-10,27.250000
2007-07-11,27.500000
2007-07-12,27.500000
2007-07-13,28.250000
2007-07-16,28.000000
2007-07-17,28.000000
2007-07-18,27.500000
2007-07-19,27.500000
2007-07-20,27.500000
2007-07-23,27.250000
2007-07-24,28.000000
2007-07-25,28.500000
2007-07-26,29.250000
2007-07-27,28.750000
2007-07-30,29.000000
2007-07-31,29.000000
2007-08-01,28.500000
2007-08-02,29.250000
2007-08-03,28.000000
2007-08-06,27.500000
2007-08-07,28.000000
2007-08-08,28.000000
2007-08-09,28.000000
2007-08-10,26.750000
2007-08-13,26.750000
2007-08-14,26.750000
2007-08-15,26.250000
2007-08-16,24.750000
2007-08-17,24.100000
2007-08-20,24.700000
2007-08-21,23.900000
2007-08-22,24.300000
2007-08-23,24.800000
2007-08-24,25.000000
2007-08-27,25.000000
2007-08-28,25.200000
2007-08-29,25.500000
2007-08-31,25.500000
2007-09-03,25.500000
2007-09-04,25.500000
2007-09-05,25.500000
2007-09-06,25.500000
2007-09-10,29.250000
2007-09-11,28.750000
2007-09-12,28.500000
2007-09-13,28.000000
2007-09-14,28.000000
2007-09-17,27.750000
2007-09-18,27.750000
2007-09-19,28.000000
2007-09-20,28.000000
2007-09-21,28.750000
2007-09-24,28.750000
2007-09-26,28.250000
2007-09-27,28.250000
2007-09-28,28.250000
2007-09-30,28.250000
2007-10-01,28.250000
2007-10-02,28.250000
2007-10-03,27.500000
2007-10-04,27.750000
2007-10-05,27.750000
2007-10-08,28.000000
2007-10-09,28.250000
2007-10-10,29.000000
2007-10-11,29.250000
2007-10-15,30.250000
2007-10-16,30.500000
2007-10-17,30.500000
2007-10-18,30.250000
2007-10-19,29.500000
2007-10-22,29.000000
2007-10-23,28.500000
2007-10-24,29.000000
2007-10-25,28.750000
2007-10-26,28.500000
2007-10-29,28.750000
2007-10-30,28.750000
2007-10-31,29.000000
2007-11-01,29.000000
2007-11-02,29.250000
2007-11-05,29.000000
2007-11-06,28.750000
2007-11-07,28.750000
2007-11-08,28.250000
2007-11-09,28.000000
2007-11-12,27.250000
2007-11-13,27.500000
2007-11-14,27.750000
2007-11-15,27.750000
2007-11-16,28.000000
2007-11-19,27.750000
2007-11-20,27.000000
2007-11-21,27.000000
2007-11-22,27.000000
2007-11-23,27.000000
2007-11-26,27.250000
2007-11-27,26.250000
2007-11-28,25.750000
2007-11-29,26.250000
2007-11-30,26.250000
2007-12-03,26.750000
2007-12-04,26.500000
2007-12-05,26.500000
2007-12-06,26.500000
2007-12-07,26.750000
2007-12-10,27.000000
2007-12-11,27.000000
2007-12-12,27.000000
2007-12-13,27.000000
2007-12-14,26.500000
2007-12-14,26.500000
2007-12-17,26.000000
2007-12-18,25.750000
2007-12-19,25.750000
2007-12-24,25.750000
2007-12-25,26.250000
2007-12-26,26.750000
2007-12-27,26.500000
2007-12-28,26.500000
2008-01-01,26.000000
2008-01-02,26.000000
2008-01-03,25.750000
2008-01-04,25.500000
2008-01-07,25.300000
2008-01-08,25.200000
2008-01-09,25.250000
2008-01-10,25.250000
2008-01-11,25.100000
2008-01-14,24.700000
2008-01-15,24.800000
2008-01-16,24.100000
2008-01-17,24.000000
2008-01-18,23.900000
2008-01-21,23.300000
2008-01-22,21.400000
2008-01-23,22.000000
2008-01-24,21.300000
2008-01-25,22.000000
2008-01-28,21.300000
2008-01-29,20.800000
2008-01-30,20.700000
2008-01-31,20.100000
2008-02-01,20.100000
2008-02-04,20.500000
2008-02-05,20.500000
2008-02-06,19.500000
2008-02-07,20.300000
2008-02-08,19.700000
2008-02-11,18.800000
2008-02-12,18.900000
2008-02-13,19.700000
2008-02-14,19.900000
2008-02-15,19.900000
2008-02-18,20.200000
2008-02-19,20.600000
2008-02-20,21.300000
2008-02-21,21.300000
2008-02-22,23.500000
2008-02-25,22.800000
2008-02-26,21.900000
2008-02-27,21.600000
2008-02-28,21.600000
2008-02-29,21.200000
2008-03-01,20.600000
2008-03-03,19.700000
2008-03-04,19.900000
2008-03-05,19.900000
2008-03-06,19.700000
2008-03-07,18.800000
2008-03-10,19.000000
2008-03-11,19.800000
2008-03-12,20.900000
2008-03-13,20.600000
2008-03-14,22.200000
2008-03-17,18.900000
2008-03-18,18.900000
2008-03-19,19.400000
2008-03-20,19.200000
2008-03-21,19.500000
2008-03-24,19.400000
2008-03-25,19.600000
2008-03-26,19.300000
2008-03-27,19.800000
2008-03-28,20.000000
2008-04-01,20.000000
2008-04-02,20.400000
2008-04-03,20.800000
2008-04-04,20.600000
2008-04-07,21.100000
2008-04-08,21.400000
2008-04-09,21.300000
2008-04-10,21.100000
2008-04-11,21.200000
2008-04-14,20.700000
2008-04-15,20.800000
2008-04-16,20.800000
2008-04-17,21.000000
2008-04-18,21.200000
2008-04-21,21.700000
2008-04-22,21.600000
2008-04-24,21.600000
2008-04-25,22.300000
2008-04-28,23.000000
2008-04-29,23.000000
2008-04-30,22.500000
2008-05-01,22.900000
2008-05-02,23.000000
2008-05-05,23.500000
2008-05-06,23.600000
2008-05-07,23.500000
2008-05-08,23.200000
2008-05-09,23.000000
2008-05-12,23.500000
2008-05-13,24.100000
2008-05-14,24.300000
2008-05-15,24.200000
2008-05-16,24.600000
2008-05-20,25.000000
2008-05-21,24.300000
2008-05-22,24.100000
2008-05-23,23.700000
2008-05-26,23.300000
2008-05-27,23.200000
2008-05-28,23.800000
2008-05-29,23.900000
2008-05-30,22.500000
2008-05-31,22.500000
2008-06-01,22.500000
2008-06-02,22.200000
2008-06-03,22.100000
2008-06-04,21.900000
2008-06-05,21.800000
2008-06-06,21.800000
2008-06-09,21.100000
2008-06-10,20.500000
2008-06-11,20.200000
2008-06-12,19.800000
2008-06-13,19.800000
2008-06-16,19.900000
2008-06-17,19.700000
2008-06-18,20.000000
2008-06-19,20.000000
2008-06-20,22.500000
2008-06-23,23.700000
2008-06-24,22.900000
2008-06-25,23.400000
2008-06-26,5.600000
2008-06-27,5.300000
2008-06-30,4.950000
2008-07-01,4.650000
2008-07-02,4.580000
2008-07-03,4.520000
2008-07-04,4.560000
2008-07-07,4.560000
2008-07-08,4.540000
2008-07-09,4.740000
2008-07-10,4.700000
2008-07-11,4.700000
2008-07-12,4.560000
2008-07-14,4.560000
2008-07-15,4.520000
2008-07-16,4.520000
2008-07-17,4.580000
2008-07-18,4.620000
2008-07-21,4.620000
2008-07-22,4.620000
2008-07-23,4.620000
2008-07-24,4.660000
2008-07-25,4.640000
2008-07-26,4.620000
2008-07-28,4.600000
2008-07-29,4.560000
2008-07-30,4.700000
2008-07-31,4.780000
2008-08-01,4.800000
2008-08-04,4.960000
2008-08-05,5.000000
2008-08-06,5.000000
2008-08-07,4.920000
2008-08-08,4.880000
2008-08-11,4.900000
2008-08-12,4.900000
2008-08-13,4.940000
2008-08-14,4.940000
2008-08-15,5.000000
2008-08-18,5.150000
2008-08-19,5.100000
2008-08-20,4.980000
2008-08-21,4.900000
2008-08-22,4.900000
2008-08-25,4.920000
2008-08-26,4.860000
2008-08-27,4.820000
2008-08-28,4.860000
2008-08-29,4.880000
2008-08-30,4.880000
2008-08-31,4.880000
2008-09-01,4.760000
2008-09-02,4.780000
2008-09-03,4.800000
2008-09-04,4.740000
2008-09-05,4.620000
2008-09-08,4.760000
2008-09-09,4.760000
2008-09-10,4.680000
2008-09-11,4.620000
2008-09-12,4.460000
2008-09-15,4.180000
2008-09-16,4.060000
2008-09-17,4.020000
2008-09-18,3.640000
2008-09-19,3.980000
2008-09-22,4.060000
2008-09-23,3.940000
2008-09-24,3.940000
2008-09-25,3.880000
2008-09-26,3.900000
2008-09-29,3.860000
2008-09-30,3.860000
2008-10-03,3.640000
2008-10-06,3.540000
2008-10-07,3.320000
2008-10-08,3.040000
2008-10-09,3.180000
2008-10-10,2.980000
2008-10-13,3.020000
2008-10-14,3.220000
2008-10-15,3.140000
2008-10-16,2.900000
2008-10-17,2.860000
2008-10-20,2.900000
2008-10-21,2.900000
2008-10-22,2.760000
2008-10-23,2.620000
2008-10-24,2.480000
2008-10-27,2.410000
2008-10-28,2.610000
2008-10-30,2.820000
2008-10-31,2.780000
2008-11-03,2.920000
2008-11-04,2.940000
2008-11-05,2.920000
2008-11-06,2.760000
2008-11-07,2.760000
2008-11-10,2.840000
2008-11-11,2.700000
2008-11-12,2.620000
2008-11-13,2.500000
2008-11-14,2.600000
2008-11-17,2.560000
2008-11-18,2.480000
2008-11-19,2.500000
2008-11-20,2.360000
2008-11-21,2.420000
2008-11-24,2.640000
2008-11-25,2.640000
2008-11-26,2.620000
2008-11-27,2.660000
2008-11-28,2.580000
2008-11-29,2.580000
2008-11-30,2.580000
2008-12-01,2.520000
2008-12-02,2.390000
2008-12-03,2.430000
2008-12-04,2.450000
2008-12-05,2.400000
2008-12-08,2.420000
2008-12-12,2.440000
2008-12-15,2.540000
2008-12-16,2.540000
2008-12-17,2.540000
2008-12-18,2.680000
2008-12-19,2.680000
2008-12-22,2.740000
2008-12-23,2.760000
2008-12-24,2.720000
2008-12-25,2.920000
2008-12-26,2.900000
2008-12-29,2.880000
2008-12-30,2.900000
2008-12-31,2.940000
2009-01-01,2.940000
2009-01-02,3.240000
2009-01-05,3.200000
2009-01-06,3.220000
2009-01-07,3.220000
2009-01-08,3.180000
2009-01-09,3.140000
2009-01-12,3.100000
2009-01-13,3.040000
2009-01-14,3.100000
2009-01-15,3.060000
2009-01-16,3.260000
2009-01-19,3.200000
2009-01-20,3.120000
2009-01-21,3.000000
2009-01-22,3.100000
2009-01-23,3.000000
2009-01-26,3.080000
2009-01-27,3.040000
2009-01-28,3.080000
2009-01-29,3.040000
2009-01-30,3.000000
2009-01-31,3.000000
2009-02-02,2.960000
2009-02-03,2.980000
2009-02-04,2.980000
2009-02-05,2.980000
2009-02-06,3.000000
2009-02-09,3.080000
2009-02-10,3.020000
2009-02-11,2.920000
2009-02-12,2.900000
2009-02-13,2.960000
2009-02-16,2.920000
2009-02-17,2.800000
2009-02-18,2.700000
2009-02-19,2.760000
2009-02-20,2.680000
2009-02-23,2.740000
2009-02-24,2.700000
2009-02-25,2.760000
2009-02-26,2.800000
2009-02-27,2.840000
2009-02-28,2.840000
2009-03-02,2.760000
2009-03-03,2.760000
2009-03-04,2.840000
2009-03-05,2.820000
2009-03-06,2.680000
2009-03-09,2.740000
2009-03-10,2.800000
2009-03-11,2.800000
2009-03-12,2.720000
2009-03-13,2.780000
2009-03-16,2.760000
2009-03-17,2.720000
2009-03-18,2.740000
2009-03-19,2.760000
2009-03-20,2.760000
2009-03-23,2.860000
2009-03-24,2.860000
2009-03-25,2.860000
2009-03-26,2.940000
2009-03-27,2.940000
2009-03-30,2.880000
2009-03-31,2.980000
2009-04-01,2.960000
2009-04-02,2.980000
2009-04-03,3.040000
2009-04-06,3.060000
2009-04-07,2.980000
2009-04-08,2.960000
2009-04-09,3.040000
2009-04-10,3.100000
2009-04-13,3.100000
2009-04-14,3.120000
2009-04-15,3.120000
2009-04-16,3.240000
2009-04-17,3.280000
2009-04-20,3.280000
2009-04-21,3.300000
2009-04-22,3.380000
2009-04-24,3.780000
2009-04-27,3.760000
2009-04-28,3.760000
2009-04-29,4.100000
2009-04-30,4.000000
2009-05-04,3.960000
2009-05-05,4.060000
2009-05-06,4.060000
2009-05-07,4.040000
2009-05-08,3.800000
2009-05-11,3.840000
2009-05-12,3.880000
2009-05-13,3.940000
2009-05-14,3.820000
2009-05-15,3.940000
2009-05-18,3.900000
2009-05-20,3.980000
2009-05-21,3.980000
2009-05-22,3.980000
2009-05-25,4.020000
2009-05-26,3.980000
2009-05-27,4.140000
2009-05-28,4.120000
2009-05-29,4.220000
2009-05-30,4.220000
2009-05-31,4.220000
2009-06-01,4.240000
2009-06-02,4.260000
2009-06-03,4.280000
2009-06-04,4.160000
2009-06-05,4.140000
2009-06-08,4.120000
2009-06-09,4.080000
2009-06-10,4.160000
2009-06-11,4.160000
2009-06-12,4.140000
2009-06-15,4.080000
2009-06-16,4.080000
2009-06-17,4.240000
2009-06-18,4.260000
2009-06-19,4.380000
2009-06-22,4.420000
2009-06-23,4.340000
2009-06-24,4.380000
2009-06-25,4.400000
2009-06-26,4.400000
2009-06-29,4.400000
2009-06-30,4.360000
2009-07-01,4.480000
2009-07-02,4.480000
2009-07-03,4.580000
2009-07-06,4.520000
2009-07-07,4.520000
2009-07-08,4.460000
2009-07-09,4.500000
2009-07-10,4.380000
2009-07-13,4.340000
2009-07-14,4.360000
2009-07-15,4.340000
2009-07-16,4.360000
2009-07-17,4.440000
2009-07-20,4.440000
2009-07-21,4.440000
2009-07-22,4.500000
2009-07-23,4.500000
2009-07-24,4.540000
2009-07-27,4.540000
2009-07-28,4.680000
2009-07-29,4.760000
2009-07-30,4.780000
2009-07-31,4.820000
2009-08-03,4.780000
2009-08-04,4.840000
2009-08-05,4.860000
2009-08-06,4.680000
2009-08-07,5.000000
2009-08-10,4.960000
2009-08-11,5.040000
2009-08-12,5.000000
2009-08-13,5.200000
2009-08-14,5.200000
2009-08-17,5.400000
2009-08-18,5.350000
2009-08-19,5.400000
2009-08-20,5.500000
2009-08-21,5.550000
2009-08-24,5.600000
2009-08-25,5.750000
2009-08-26,5.900000
2009-08-27,5.850000
2009-08-28,5.600000
2009-08-31,5.750000
2009-09-01,5.700000
2009-09-02,5.750000
2009-09-03,5.650000
2009-09-04,5.850000
2009-09-07,5.900000
2009-09-08,5.800000
2009-09-09,5.750000
2009-09-10,5.650000
2009-09-11,5.650000
2009-09-14,5.800000
2009-09-15,5.900000
2009-09-16,5.900000
2009-09-17,5.850000
2009-09-18,5.900000
2009-09-23,6.000000
2009-09-24,6.050000
2009-09-25,6.150000
2009-09-28,6.050000
2009-09-29,6.250000
2009-09-30,6.400000
2009-10-01,6.250000
2009-10-02,6.150000
2009-10-05,6.150000
2009-10-06,6.350000
2009-10-07,6.250000
2009-10-08,6.350000
2009-10-09,6.400000
2009-10-12,6.400000
2009-10-13,6.500000
2009-10-14,6.700000
2009-10-15,6.750000
2009-10-16,6.750000
2009-10-19,6.650000
2009-10-20,6.750000
2009-10-21,6.800000
2009-10-22,6.850000
2009-10-23,6.950000
2009-10-26,6.950000
2009-10-27,6.750000
2009-10-28,6.400000
2009-10-30,6.450000
2009-11-02,5.900000
2009-11-03,5.750000
2009-11-04,5.750000
2009-11-05,5.750000
2009-11-06,6.050000
2009-11-09,6.300000
2009-11-10,6.500000
2009-11-11,7.650000
2009-11-12,8.550000
2009-11-13,8.300000
2009-11-16,8.500000
2009-11-17,8.800000
2009-11-18,8.750000
2009-11-19,8.550000
2009-11-20,8.300000
2009-11-23,8.050000
2009-11-24,8.300000
2009-11-25,8.400000
2009-11-26,8.250000
2009-12-01,8.150000
2009-12-02,8.400000
2009-12-03,8.650000
2009-12-04,8.600000
2009-12-07,9.150000
2009-12-08,9.500000
2009-12-09,9.200000
2009-12-10,9.000000
2009-12-11,9.150000
2009-12-14,9.100000
2009-12-15,9.200000
2009-12-16,9.250000
2009-12-17,9.150000
2009-12-18,9.150000
2009-12-19,9.150000
2009-12-20,9.150000
2009-12-21,9.550000
2009-12-22,9.650000
2009-12-23,9.700000
2009-12-24,9.600000
2009-12-25,9.900000
2009-12-28,10.600000
2009-12-29,10.900000
2009-12-30,10.700000
2009-12-31,11.200000
2010-01-01,11.200000
2010-01-04,12.500000
2010-01-05,13.400000
2010-01-06,13.000000
2010-01-07,13.500000
2010-01-08,13.800000
2010-01-11,13.800000
2010-01-12,13.300000
2010-01-13,13.500000
2010-01-14,13.500000
2010-01-15,13.700000
2010-01-18,13.400000
2010-01-19,13.300000
2010-01-20,13.400000
2010-01-21,13.300000
2010-01-22,13.000000
2010-01-25,12.900000
2010-01-26,12.500000
2010-01-27,12.900000
2010-01-28,12.900000
2010-01-29,13.100000
2010-02-01,13.200000
2010-02-02,13.000000
2010-02-03,13.000000
2010-02-04,12.800000
2010-02-05,11.700000
2010-02-08,11.800000
2010-02-09,11.600000
2010-02-10,12.100000
2010-02-11,11.900000
2010-02-12,11.800000
2010-02-15,13.000000
2010-02-16,13.200000
2010-02-17,13.000000
2010-02-18,12.900000
2010-02-19,12.400000
2010-02-22,12.700000
2010-02-23,12.300000
2010-02-24,11.400000
2010-02-25,11.500000
2010-02-26,11.200000
2010-03-01,12.000000
2010-03-02,11.900000
2010-03-03,12.000000
2010-03-04,12.000000
2010-03-05,12.300000
2010-03-08,12.400000
2010-03-09,12.700000
2010-03-10,12.600000
2010-03-11,12.800000
2010-03-12,13.000000
2010-03-15,12.200000
2010-03-16,12.100000
2010-03-17,12.400000
2010-03-18,12.700000
2010-03-19,12.400000
2010-03-22,12.500000
2010-03-23,12.500000
2010-03-24,12.500000
2010-03-25,12.800000
2010-03-26,12.700000
2010-03-29,12.700000
2010-03-30,12.600000
2010-03-31,13.000000
2010-04-01,12.900000
2010-04-02,12.900000
2010-04-05,12.800000
2010-04-06,12.900000
2010-04-07,12.800000
2010-04-08,12.800000
2010-04-09,13.000000
2010-04-12,13.000000
2010-04-13,12.900000
2010-04-14,12.900000
2010-04-15,13.000000
2010-04-16,13.100000
2010-04-19,12.900000
2010-04-20,13.300000
2010-04-21,13.300000
2010-04-22,13.200000
2010-04-26,13.500000
2010-04-27,13.400000
2010-04-28,13.000000
2010-04-29,13.200000
2010-04-30,13.300000
2010-05-03,13.300000
2010-05-04,13.300000
2010-05-05,13.000000
2010-05-06,13.000000
2010-05-07,12.400000
2010-05-10,13.100000
2010-05-11,12.900000
2010-05-12,13.100000
2010-05-13,13.200000
2010-05-14,12.800000
2010-05-17,12.600000
2010-05-18,12.700000
2010-05-20,12.500000
2010-05-21,12.100000
2010-05-24,12.200000
2010-05-25,12.000000
2010-05-26,12.100000
2010-05-27,12.400000
2010-05-28,12.700000
2010-05-31,12.500000
2010-06-01,12.200000
2010-06-02,12.400000
2010-06-03,12.700000
2010-06-04,12.600000
2010-06-05,12.400000
2010-06-06,12.400000
2010-06-07,6.050000
2010-06-08,5.950000
2010-06-09,5.800000
2010-06-10,5.800000
2010-06-11,5.850000
2010-06-14,5.750000
2010-06-15,5.750000
2010-06-16,5.850000
2010-06-17,5.750000
2010-06-18,5.800000
2010-06-21,5.850000
2010-06-22,5.750000
2010-06-23,5.700000
2010-06-24,5.600000
2010-06-25,5.650000
2010-06-26,5.700000
2010-06-27,5.700000
2010-06-28,5.750000
2010-06-29,5.650000
2010-06-30,5.600000
2010-07-01,5.500000
2010-07-02,5.550000
2010-07-03,5.600000
2010-07-04,5.600000
2010-07-05,5.600000
2010-07-06,5.600000
2010-07-07,5.600000
2010-07-08,5.600000
2010-07-09,5.550000
2010-07-12,5.550000
2010-07-13,5.650000
2010-07-14,5.750000
2010-07-15,5.700000
2010-07-16,5.650000
2010-07-17,5.600000
2010-07-18,5.600000
2010-07-19,5.650000
2010-07-20,5.700000
2010-07-21,5.650000
2010-07-22,5.700000
2010-07-23,5.700000
2010-07-24,5.700000
2010-07-25,5.700000
2010-07-26,5.700000
2010-07-27,5.650000
2010-07-28,5.700000
2010-07-29,5.700000
2010-07-30,5.650000
2010-07-31,5.650000
2010-08-01,5.650000
2010-08-02,5.700000
2010-08-03,5.750000
2010-08-04,5.850000
2010-08-05,5.850000
2010-08-06,5.850000
2010-08-07,5.900000
2010-08-07,5.900000
2010-08-08,5.900000
2010-08-09,5.950000
2010-08-10,5.900000
2010-08-11,5.800000
2010-08-12,5.700000
2010-08-13,5.750000
2010-08-14,5.750000
2010-08-16,5.700000
2010-08-17,5.750000
2010-08-18,5.850000
2010-08-19,5.850000
2010-08-20,5.850000
2010-08-23,5.850000
2010-08-24,5.850000
2010-08-25,5.800000
2010-08-26,5.900000
2010-08-27,5.850000
2010-08-28,6.150000
2010-08-31,6.300000
2010-09-01,6.450000
2010-09-02,6.400000
2010-09-03,6.400000
2010-09-04,6.400000
2010-09-06,6.350000
2010-09-07,6.250000
2010-09-08,6.250000
2010-09-09,6.250000
2010-09-10,6.250000
2010-09-11,6.250000
2010-09-12,6.250000
2010-09-13,6.300000
2010-09-14,6.350000
2010-09-15,6.400000
2010-09-16,6.400000
2010-09-17,6.450000
2010-09-18,6.350000
2010-09-19,6.350000
2010-09-20,6.400000
2010-09-21,6.300000
2010-09-22,6.250000
2010-09-23,6.300000
2010-09-24,6.300000
2010-09-25,6.400000
2010-09-27,6.350000
2010-09-28,6.550000
2010-09-29,6.550000
2010-09-30,6.650000
2010-10-01,6.550000
2010-10-02,6.550000
2010-10-03,6.550000
2010-10-04,6.500000
2010-10-05,6.650000
2010-10-06,6.750000
2010-10-07,6.600000
2010-10-08,6.650000
2010-10-09,7.350000
2010-10-11,7.400000
2010-10-12,7.800000
2010-10-13,7.750000
2010-10-14,7.650000
2010-10-15,7.450000
2010-10-16,7.650000
2010-10-18,7.600000
2010-10-19,7.800000
2010-10-20,8.000000
2010-10-21,8.000000
2010-10-22,8.250000
2010-10-23,8.700000
2010-10-24,8.700000
2010-10-25,8.900000
2010-10-26,8.800000
2010-10-27,8.550000
2010-10-28,8.600000
2010-11-01,8.740000
2010-11-02,8.700000
2010-11-03,8.680000
2010-11-04,8.680000
2010-11-05,8.760000
2010-11-06,8.720000
2010-11-08,8.760000
2010-11-09,8.820000
2010-11-10,8.780000
2010-11-11,8.760000
2010-11-12,8.660000
2010-11-13,8.480000
2010-11-14,8.480000
2010-11-15,8.460000
2010-11-22,8.440000
2010-11-23,7.980000
2010-11-24,7.600000
2010-11-25,7.960000
2010-11-26,7.800000
2010-11-27,7.840000
2010-11-29,7.740000
2010-11-30,7.660000
2010-12-01,7.860000
2010-12-02,8.040000
2010-12-03,8.120000
2010-12-04,8.080000
2010-12-06,8.280000
2010-12-07,8.420000
2010-12-08,8.560000
2010-12-09,8.560000
2010-12-10,8.440000
2010-12-11,8.260000
2010-12-12,8.260000
2010-12-13,8.420000
2010-12-14,8.500000
2010-12-15,8.440000
2010-12-16,8.420000
2010-12-17,8.280000
2010-12-18,8.140000
2010-12-19,8.140000
2010-12-20,7.980000
2010-12-21,8.220000
2010-12-22,8.400000
2010-12-23,8.340000
2010-12-24,8.400000
2010-12-25,8.360000
2010-12-26,8.360000
2010-12-27,8.340000
2010-12-28,8.400000
2010-12-29,8.360000
2010-12-30,8.320000
2010-12-31,8.300000
2011-01-01,8.300000
2011-01-02,8.240000
2011-01-03,8.280000
2011-01-04,8.420000
2011-01-05,8.400000
2011-01-06,8.560000
2011-01-07,8.600000
2011-01-08,8.540000
2011-01-09,8.540000
2011-01-10,8.440000
2011-01-11,8.380000
2011-01-12,8.380000
2011-01-13,8.380000
2011-01-14,8.400000
2011-01-17,8.360000
2011-01-18,8.440000
2011-01-19,8.300000
2011-01-20,8.300000
2011-01-21,8.220000
2011-01-22,8.280000
2011-01-23,8.280000
2011-01-24,8.260000
2011-01-25,8.280000
2011-01-26,8.280000
2011-01-27,8.280000
2011-01-28,8.120000
2011-01-29,8.080000
2011-01-30,8.080000
2011-01-31,7.800000
2011-02-01,8.040000
2011-02-02,8.060000
2011-02-03,7.940000
2011-02-04,7.780000
2011-02-05,7.860000
2011-02-06,7.860000
2011-02-07,7.980000
2011-02-08,7.960000
2011-02-09,8.120000
2011-02-10,8.000000
2011-02-11,7.980000
2011-02-12,8.020000
2011-02-13,8.020000
2011-02-14,8.200000
2011-02-15,8.180000
2011-02-16,8.100000
2011-02-17,8.200000
2011-02-18,8.140000
2011-02-19,8.100000
2011-02-20,8.100000
2011-02-21,8.080000
2011-02-22,7.920000
2011-02-23,7.900000
2011-02-24,7.180000
2011-02-25,7.460000
2011-02-26,7.560000
2011-02-27,7.560000
2011-02-28,7.500000
2011-03-01,7.520000
2011-03-02,7.060000
2011-03-03,7.220000
2011-03-04,7.300000
2011-03-05,7.320000
2011-03-06,7.320000
2011-03-07,7.220000
2011-03-08,7.300000
2011-03-09,7.300000
2011-03-10,7.320000
2011-03-11,7.680000
2011-03-12,7.540000
2011-03-13,7.540000
2011-03-14,7.580000
2011-03-15,7.440000
2011-03-16,7.640000
2011-03-17,7.720000
2011-03-18,7.700000
2011-03-19,7.820000
2011-03-20,7.820000
2011-03-21,7.880000
2011-03-22,8.020000
2011-03-23,7.940000
2011-03-24,8.060000
2011-03-25,8.280000
2011-03-26,8.260000
2011-03-27,8.260000
2011-03-28,8.620000
2011-03-29,8.640000
2011-03-30,8.600000
2011-03-31,8.620000
2011-04-01,8.480000
2011-04-02,8.520000
2011-04-03,8.520000
2011-04-04,8.580000
2011-04-05,8.760000
2011-04-06,8.820000
2011-04-07,8.740000
2011-04-08,8.800000
2011-04-09,8.740000
2011-04-10,8.740000
2011-04-11,8.880000
2011-04-12,8.960000
2011-04-13,8.920000
2011-04-14,8.800000
2011-04-15,8.780000
2011-04-16,8.780000
2011-04-17,8.780000
2011-04-18,8.780000
2011-04-19,8.600000
2011-04-20,8.820000
2011-04-21,8.820000
2011-04-22,8.820000
2011-04-23,8.800000
2011-04-24,8.800000
2011-04-25,8.880000
2011-04-26,8.780000
2011-04-27,8.740000
2011-04-28,8.760000
2011-04-29,8.940000
2011-04-30,8.980000
2011-05-01,8.980000
2011-05-02,9.000000
2011-05-03,8.960000
2011-05-04,9.160000
2011-05-05,9.400000
2011-05-06,9.280000
2011-05-07,9.320000
2011-05-08,9.320000
2011-05-09,9.400000
2011-05-10,9.340000
2011-05-11,9.200000
2011-05-12,8.980000
2011-05-13,8.600000
2011-05-14,8.500000
2011-05-15,8.500000
2011-05-16,8.320000
2011-05-17,8.640000
2011-05-18,8.540000
2011-05-19,8.520000
2011-05-20,8.500000
2011-05-21,8.520000
2011-05-22,8.520000
2011-05-23,8.380000
2011-05-24,8.380000
2011-05-25,8.660000
2011-05-26,8.720000
2011-05-27,8.580000
2011-05-30,8.580000
2011-05-31,8.780000
2011-06-01,8.800000
2011-06-02,8.640000
2011-06-03,8.600000
2011-06-04,8.620000
2011-06-05,8.620000
2011-06-06,8.640000
2011-06-07,8.680000
2011-06-08,8.620000
2011-06-09,8.580000
2011-06-10,8.500000
2011-06-11,8.520000
2011-06-13,8.620000
2011-06-14,8.420000
2011-06-15,8.340000
2011-06-16,8.120000
2011-06-17,8.180000
2011-06-18,8.460000
2011-06-19,8.460000
2011-06-20,8.300000
2011-06-21,8.940000
2011-06-22,8.920000
2011-06-23,8.920000
2011-06-24,9.000000
2011-06-25,8.940000
2011-06-26,8.940000
2011-06-27,8.900000
2011-06-28,8.960000
2011-06-29,8.940000
2011-06-30,8.960000
2011-07-01,8.960000
2011-07-02,9.000000
2011-07-03,9.000000
2011-07-04,9.000000
2011-07-05,9.160000
2011-07-06,9.200000
2011-07-07,9.180000
2011-07-08,9.020000
2011-07-09,8.960000
2011-07-10,8.960000
2011-07-11,9.000000
2011-07-12,8.780000
2011-07-13,9.120000
2011-07-14,9.040000
2011-07-15,8.980000
2011-07-16,8.960000
2011-07-17,8.960000
2011-07-18,8.860000
2011-07-19,8.900000
2011-07-20,8.880000
2011-07-21,8.500000
2011-07-22,8.620000
2011-07-25,8.620000
2011-07-26,8.760000
2011-07-27,8.780000
2011-07-28,8.780000
2011-07-29,8.820000
2011-08-01,8.840000
2011-08-02,8.740000
2011-08-03,8.640000
2011-08-04,8.580000
2011-08-05,8.240000
2011-08-06,8.000000
2011-08-07,8.000000
2011-08-08,7.380000
2011-08-09,6.800000
2011-08-10,7.820000
2011-08-11,7.340000
2011-08-12,7.420000
2011-08-13,7.520000
2011-08-14,7.520000
2011-08-15,7.800000
2011-08-16,7.220000
2011-08-17,7.220000
2011-08-18,7.400000
2011-08-19,7.060000
2011-08-20,7.360000
2011-08-21,7.360000
2011-08-22,7.320000
2011-08-23,7.300000
2011-08-24,7.180000
2011-08-25,7.180000
2011-08-26,7.140000
2011-08-27,7.140000
2011-08-28,7.140000
2011-08-29,7.140000
2011-08-30,7.140000
2011-08-31,7.140000
2011-09-01,7.140000
2011-09-02,7.260000
2011-09-03,7.380000
2011-09-04,7.380000
2011-09-05,7.320000
2011-09-06,7.240000
2011-09-07,7.260000
2011-09-08,7.380000
2011-09-09,7.440000
2011-09-10,7.440000
2011-09-11,7.440000
2011-09-12,7.280000
2011-09-13,7.460000
2011-09-14,7.520000
2011-09-15,7.500000
2011-09-16,7.480000
2011-09-17,7.480000
2011-09-18,7.480000
2011-09-19,7.400000
2011-09-20,7.420000
2011-09-21,7.780000
2011-09-22,7.500000
2011-09-23,7.340000
2011-09-24,7.240000
2011-09-25,7.240000
2011-09-26,7.300000
2011-09-27,7.420000
2011-09-28,7.440000
2011-09-29,7.460000
2011-09-30,7.360000
2011-10-01,7.340000
2011-10-02,7.340000
2011-10-03,7.360000
2011-10-04,7.300000
2011-10-05,7.280000
2011-10-06,7.300000
2011-10-07,7.320000
2011-10-08,7.320000
2011-10-09,7.320000
2011-10-10,7.340000
2011-10-11,7.360000
2011-10-12,7.620000
2011-10-13,7.640000
2011-10-14,7.640000
2011-10-15,7.680000
2011-10-16,7.680000
2011-10-17,7.680000
2011-10-18,7.580000
2011-10-19,7.660000
2011-10-20,7.480000
2011-10-21,7.580000
2011-10-22,7.620000
2011-10-23,7.620000
2011-10-24,7.640000
2011-10-25,7.580000
2011-10-26,7.540000
2011-10-27,7.580000
2011-10-28,7.660000
2011-10-29,7.660000
2011-10-30,7.660000
2011-10-31,7.640000
2011-11-01,7.480000
2011-11-02,7.300000
2011-11-03,7.460000
2011-11-04,7.660000
2011-11-05,7.620000
2011-11-06,7.620000
2011-11-07,7.620000
2011-11-08,7.620000
2011-11-09,7.620000
2011-11-10,7.580000
2011-11-11,7.540000
2011-11-12,7.580000
2011-11-13,7.580000
2011-11-14,7.660000
2011-11-15,7.580000
2011-11-16,7.640000
2011-11-17,7.400000
2011-11-18,7.520000
2011-11-19,7.480000
2011-11-20,7.480000
2011-11-21,7.360000
2011-11-22,7.360000
2011-11-23,7.300000
2011-11-24,7.340000
2011-11-25,7.200000
2011-11-26,7.440000
2011-11-27,7.440000
2011-11-28,7.420000
2011-11-29,7.440000
2011-11-30,7.520000
2011-12-01,7.660000
2011-12-02,7.900000
2011-12-03,8.180000
2011-12-04,8.180000
2011-12-05,8.120000
2011-12-06,8.060000
2011-12-07,8.100000
2011-12-08,7.980000
2011-12-09,7.820000
2011-12-10,7.880000
2011-12-11,7.880000
2011-12-12,7.860000
2011-12-13,7.760000
2011-12-14,7.880000
2011-12-15,7.760000
2011-12-16,7.980000
2011-12-17,8.000000
2011-12-18,8.000000
2011-12-19,7.980000
2011-12-20,7.880000
2011-12-21,8.200000
2011-12-22,8.280000
2011-12-23,8.360000
2011-12-26,8.240000
2011-12-27,8.180000
2011-12-28,8.240000
2011-12-29,8.140000
2011-12-30,8.200000
2011-12-31,8.200000
2012-01-01,8.200000
2012-01-02,8.200000
2012-01-03,8.260000
2012-01-04,8.260000
2012-01-05,8.120000
2012-01-06,8.240000
2012-01-07,8.180000
2012-01-08,8.180000
2012-01-09,8.060000
2012-01-10,8.140000
2012-01-11,8.160000
2012-01-12,8.200000
2012-01-13,8.220000
2012-01-14,8.200000
2012-01-15,8.200000
2012-01-16,8.440000
2012-01-17,8.700000
2012-01-18,8.700000
2012-01-19,8.860000
2012-01-20,8.880000
2012-01-21,8.860000
2012-01-22,8.860000
2012-01-23,8.860000
2012-01-24,8.920000
2012-01-25,8.920000
2012-01-26,9.060000
2012-01-27,8.980000
2012-01-28,8.960000
2012-01-29,8.960000
2012-01-30,9.000000
2012-01-31,8.980000
2012-02-01,8.980000
2012-02-02,9.080000
2012-02-03,9.020000
2012-02-04,9.000000
2012-02-05,9.000000
2012-02-06,8.920000
2012-02-07,8.960000
2012-02-08,9.140000
2012-02-09,9.320000
2012-02-10,9.300000
2012-02-13,9.520000
2012-02-14,9.420000
2012-02-15,9.340000
2012-02-16,9.400000
2012-02-17,9.600000
2012-02-18,9.660000
2012-02-19,9.660000
2012-02-20,9.760000
2012-02-21,9.660000
2012-02-22,9.660000
2012-02-23,9.500000
2012-02-24,9.420000
2012-02-27,9.380000
2012-02-28,9.400000
2012-02-29,9.460000
2012-03-01,9.420000
2012-03-02,9.400000
2012-03-03,9.380000
2012-03-04,9.380000
2012-03-05,9.520000
2012-03-06,9.480000
2012-03-07,9.480000
2012-03-08,9.540000
2012-03-09,9.320000
2012-03-10,9.140000
2012-03-11,9.140000
2012-03-12,9.040000
2012-03-13,9.020000
2012-03-14,9.140000
2012-03-15,9.260000
2012-03-16,9.500000
2012-03-17,9.860000
2012-03-18,9.860000
2012-03-19,10.120000
2012-03-20,10.100000
2012-03-21,10.300000
2012-03-22,10.500000
2012-03-23,10.600000
2012-03-24,10.650000
2012-03-25,10.650000
2012-03-26,10.600000
2012-03-27,10.600000
2012-03-28,10.450000
2012-03-29,10.550000
2012-03-30,10.550000
2012-04-02,10.550000
2012-04-03,10.600000
2012-04-04,10.500000
2012-04-05,10.300000
2012-04-06,10.350000
2012-04-07,10.400000
2012-04-09,10.300000
2012-04-10,10.600000
2012-04-11,10.400000
2012-04-12,10.450000
2012-04-13,10.450000
2012-04-14,10.400000
2012-04-16,10.400000
2012-04-17,10.450000
2012-04-18,10.300000
2012-04-19,10.250000
2012-04-20,10.200000
2012-04-21,10.250000
2012-04-22,10.250000
2012-04-23,10.250000
2012-04-24,10.250000
2012-04-25,10.250000
2012-04-26,10.400000
2012-04-27,10.550000
2012-04-28,10.500000
2012-04-29,10.500000
2012-04-30,10.450000
2012-05-01,10.600000
2012-05-02,10.500000
2012-05-03,10.850000
2012-05-04,10.900000
2012-05-05,10.850000
2012-05-06,10.850000
2012-05-07,10.800000
2012-05-08,10.800000
2012-05-09,11.050000
2012-05-10,10.900000
2012-05-11,10.850000
2012-05-14,11.000000
2012-05-15,10.350000
2012-05-16,10.200000
2012-05-17,10.550000
2012-05-18,10.200000
2012-05-21,10.250000
2012-05-22,10.150000
2012-05-23,9.900000
2012-05-24,9.760000
2012-05-25,9.680000
2012-05-28,9.660000
2012-05-29,9.780000
2012-05-30,9.700000
2012-05-31,9.680000
2012-06-01,10.000000
2012-06-04,9.860000
2012-06-05,10.120000
2012-06-06,10.500000
2012-06-07,10.550000
2012-06-08,10.350000
2012-06-11,10.600000
2012-06-12,10.650000
2012-06-13,10.650000
2012-06-14,11.000000
2012-06-15,10.950000
2012-06-18,10.900000
2012-06-19,10.800000
2012-06-20,10.850000
2012-06-21,10.850000
2012-06-22,10.950000
2012-06-25,11.000000
2012-06-26,10.850000
2012-06-27,10.900000
2012-06-28,10.900000
2012-06-29,10.900000
2012-07-02,11.500000
2012-07-03,11.550000
2012-07-04,11.650000
2012-07-05,11.900000
2012-07-06,12.000000
2012-07-09,12.200000
2012-07-10,12.650000
2012-07-11,12.400000
2012-07-12,12.200000
2012-07-13,12.600000
2012-07-16,12.450000
2012-07-17,12.600000
2012-07-18,12.650000
2012-07-19,12.550000
2012-07-20,12.500000
2012-07-23,11.950000
2012-07-24,12.300000
2012-07-25,11.950000
2012-07-26,11.800000
2012-07-27,11.950000
2012-07-30,12.100000
2012-07-31,12.250000
2012-08-01,12.300000
2012-08-02,12.050000
2012-08-03,12.250000
2012-08-06,5.980000
2012-08-07,6.060000
2012-08-08,6.000000
2012-08-09,5.980000
2012-08-10,5.900000
2012-08-13,5.900000
2012-08-14,5.880000
2012-08-15,5.760000
2012-08-16,5.800000
2012-08-17,5.820000
2012-08-22,5.900000
2012-08-23,6.100000
2012-08-24,6.120000
2012-08-27,6.080000
2012-08-28,6.140000
2012-08-29,6.120000
2012-08-31,6.500000
2012-09-03,6.900000
2012-09-04,6.740000
2012-09-05,6.660000
2012-09-06,6.680000
2012-09-07,6.780000
2012-09-10,6.620000
2012-09-11,6.460000
2012-09-12,6.420000
2012-09-13,6.460000
2012-09-14,6.380000
2012-09-17,6.340000
2012-09-18,6.280000
2012-09-19,6.200000
2012-09-20,6.340000
2012-09-21,6.360000
2012-09-24,6.460000
2012-09-25,6.580000
2012-09-26,6.520000
2012-09-27,6.440000
2012-09-28,6.400000
2012-10-01,6.520000
2012-10-02,6.620000
2012-10-03,6.740000
2012-10-04,6.960000
2012-10-05,6.840000
2012-10-08,7.000000
2012-10-09,6.880000
2012-10-10,6.880000
2012-10-11,6.840000
2012-10-12,6.840000
2012-10-15,6.880000
2012-10-16,6.820000
2012-10-17,6.560000
2012-10-18,6.500000
2012-10-19,6.660000
2012-10-22,6.640000
2012-10-23,6.640000
2012-10-24,6.660000
2012-10-30,6.760000
2012-10-31,6.840000
2012-11-01,6.840000
2012-11-02,6.700000
2012-11-05,6.640000
2012-11-06,6.660000
2012-11-07,6.680000
2012-11-08,6.740000
2012-11-09,6.800000
2012-11-12,6.760000
2012-11-13,6.740000
2012-11-14,6.780000
2012-11-15,6.680000
2012-11-16,6.540000
2012-11-19,6.620000
2012-11-20,6.660000
2012-11-21,6.740000
2012-11-22,6.740000
2012-11-23,6.720000
2012-11-26,6.800000
2012-11-27,6.760000
2012-11-28,6.780000
2012-11-29,6.760000
2012-11-30,6.720000
2012-12-03,6.820000
2012-12-04,6.980000
2012-12-05,6.960000
2012-12-06,7.020000
2012-12-07,6.960000
2012-12-10,7.260000
2012-12-11,7.680000
2012-12-12,7.700000
2012-12-13,8.180000
2012-12-14,7.920000
2012-12-17,7.900000
2012-12-18,8.040000
2012-12-19,7.880000
2012-12-20,7.900000
2012-12-21,7.880000
2012-12-24,8.000000
2012-12-25,8.000000
2012-12-26,8.040000
2012-12-27,8.120000
2012-12-28,8.140000
2012-12-31,8.220000
2013-01-01,8.220000
2013-01-02,8.620000
2013-01-03,8.580000
2013-01-04,8.440000
2013-01-07,8.440000
2013-01-08,8.440000
2013-01-09,8.260000
2013-01-10,8.400000
2013-01-11,8.360000
2013-01-14,8.340000
2013-01-15,8.300000
2013-01-16,8.360000
2013-01-17,8.320000
2013-01-18,8.280000
2013-01-21,8.240000
2013-01-22,8.080000
2013-01-23,8.240000
2013-01-24,8.340000
2013-01-25,8.380000
2013-01-28,8.300000
2013-01-29,8.160000
2013-01-30,8.360000
2013-01-31,8.140000
2013-02-01,8.280000
2013-02-04,8.460000
2013-02-05,8.620000
2013-02-06,8.900000
2013-02-07,8.660000
2013-02-08,8.420000
2013-02-11,8.500000
2013-02-12,8.560000
2013-02-13,9.140000
2013-02-14,9.080000
2013-02-15,9.060000
2013-02-18,9.160000
2013-02-19,9.360000
2013-02-20,9.600000
2013-02-21,9.440000
2013-02-22,9.920000
2013-02-25,10.080000
2013-02-26,9.850000
2013-02-27,10.240000
2013-02-28,10.250000
2013-03-01,10.300000
2013-03-04,10.850000
2013-03-05,10.800000
2013-03-06,9.850000
2013-03-07,10.000000
2013-03-08,9.720000
2013-03-11,9.940000
2013-03-12,10.060000
2013-03-13,10.450000
2013-03-14,10.250000
2013-03-15,10.250000
2013-03-18,10.300000
2013-03-19,10.450000
2013-03-20,10.300000
2013-03-21,10.300000
2013-03-22,10.250000
2013-03-25,10.300000
2013-03-26,10.300000
2013-03-27,10.600000
2013-03-28,10.400000
2013-03-29,10.600000
2013-04-01,10.550000
2013-04-02,10.450000
2013-04-03,10.700000
2013-04-04,10.700000
2013-04-05,10.700000
2013-04-08,10.550000
2013-04-09,10.550000
2013-04-10,10.500000
2013-04-11,10.650000
2013-04-12,10.650000
2013-04-15,10.600000
2013-04-16,10.400000
2013-04-17,10.350000
2013-04-18,10.200000
2013-04-19,10.300000
2013-04-22,10.500000
2013-04-24,10.650000
2013-04-25,10.700000
2013-04-26,10.700000
2013-04-29,10.550000
2013-04-30,10.600000
2013-05-02,10.650000
2013-05-03,10.850000
2013-05-06,10.750000
2013-05-07,11.200000
2013-05-08,11.500000
2013-05-09,11.450000
2013-05-10,11.050000
2013-05-13,11.350000
2013-05-14,11.550000
2013-05-15,11.450000
2013-05-16,11.400000
2013-05-17,11.550000
2013-05-20,11.750000
2013-05-21,11.750000
2013-05-22,11.800000
2013-05-23,11.600000
2013-05-24,11.450000
2013-05-27,11.350000
2013-05-28,11.200000
2013-05-29,11.100000
2013-05-30,10.850000
2013-05-31,10.350000
2013-06-03,9.200000
2013-06-04,9.180000
2013-06-05,9.740000
2013-06-06,9.380000
2013-06-07,9.260000
2013-06-10,9.280000
2013-06-11,9.400000
2013-06-12,9.260000
2013-06-13,9.300000
2013-06-14,9.440000
2013-06-17,9.460000
2013-06-18,9.420000
2013-06-19,9.420000
2013-06-20,9.180000
2013-06-21,8.900000
2013-06-24,8.900000
2013-06-25,8.780000
2013-06-26,8.880000
2013-06-27,9.100000
2013-06-28,9.160000
2013-07-01,8.820000
2013-07-02,8.880000
2013-07-03,8.740000
2013-07-04,8.880000
2013-07-05,9.000000
2013-07-08,8.920000
2013-07-09,8.960000
2013-07-10,8.900000
2013-07-11,8.880000
2013-07-12,8.900000
2013-07-15,9.060000
2013-07-16,9.180000
2013-07-17,9.160000
2013-07-18,9.240000
2013-07-19,9.120000
2013-07-22,9.100000
2013-07-23,9.200000
2013-07-24,9.100000
2013-07-25,8.900000
2013-07-26,8.880000
2013-07-29,8.820000
2013-07-30,8.840000
2013-07-31,8.880000
2013-08-01,8.860000
2013-08-02,9.020000
2013-08-05,9.120000
2013-08-06,9.000000
2013-08-07,8.960000
2013-08-12,9.080000
2013-08-13,9.100000
2013-08-14,9.080000
2013-08-15,9.040000
2013-08-16,8.860000
2013-08-19,8.820000
2013-08-20,8.700000
2013-08-21,8.460000
2013-08-22,7.900000
2013-08-23,7.620000
2013-08-26,7.420000
2013-08-27,7.260000
2013-08-28,6.820000
2013-08-29,7.240000
2013-09-02,7.600000
2013-09-03,7.600000
2013-09-04,7.320000
2013-09-05,7.160000
2013-09-06,7.180000
2013-09-09,7.460000
2013-09-10,7.860000
2013-09-11,7.700000
2013-09-12,7.580000
2013-09-13,7.680000
2013-09-16,7.800000
2013-09-17,7.740000
2013-09-18,7.860000
2013-09-19,8.660000
2013-09-20,8.620000
2013-09-23,8.660000
2013-09-24,8.560000
2013-09-25,8.540000
2013-09-26,8.860000
2013-09-27,8.700000
2013-09-30,8.720000
2013-10-01,8.840000
2013-10-02,8.760000
2013-10-03,9.040000
2013-10-04,9.120000
2013-10-07,9.080000
2013-10-08,9.260000
2013-10-09,8.940000
2013-10-10,8.920000
2013-10-11,9.060000
2013-10-14,9.040000
2013-10-21,9.220000
2013-10-22,9.440000
2013-10-23,9.420000
2013-10-24,9.420000
2013-10-25,9.420000
2013-10-28,9.680000
2013-10-30,9.820000
2013-10-31,9.480000
2013-11-01,9.480000
2013-11-04,9.340000
2013-11-05,9.280000
2013-11-06,9.100000
2013-11-07,9.140000
2013-11-08,9.060000
2013-11-11,8.960000
2013-11-12,8.880000
2013-11-13,8.880000
2013-11-14,9.020000
2013-11-15,9.080000
2013-11-18,9.100000
2013-11-19,9.020000
2013-11-20,8.920000
2013-11-21,8.860000
2013-11-22,8.940000
2013-11-25,9.080000
2013-11-26,9.060000
2013-11-27,9.020000
2013-11-28,8.960000
2013-11-29,8.880000
2013-12-02,8.960000
2013-12-03,8.740000
2013-12-04,8.500000
2013-12-05,8.700000
2013-12-06,8.560000
2013-12-09,8.720000
2013-12-10,8.760000
2013-12-11,8.740000
2013-12-12,8.680000
2013-12-13,8.700000
2013-12-16,8.740000
2013-12-17,8.760000
2013-12-18,8.200000
2013-12-19,8.500000
2013-12-20,8.240000
2013-12-23,8.200000
2013-12-24,7.980000
2013-12-25,8.200000
2013-12-26,7.580000
2013-12-27,7.000000
2013-12-30,7.580000
2013-12-31,8.340000
2014-01-01,8.340000
2014-01-02,8.380000
2014-01-03,8.400000
2014-01-06,8.360000
2014-01-07,8.520000
2014-01-08,8.340000
2014-01-09,8.260000
2014-01-10,7.960000
2014-01-13,8.140000
2014-01-14,7.940000
2014-01-15,8.020000
2014-01-16,8.000000
2014-01-17,8.000000
2014-01-20,7.900000
2014-01-21,7.980000
2014-01-22,7.960000
2014-01-23,7.940000
2014-01-24,7.760000
2014-01-27,7.740000
2014-01-28,7.880000
2014-01-29,7.760000
2014-01-30,7.680000
2014-01-31,7.660000
2014-02-03,7.720000
2014-02-04,7.780000
2014-02-05,8.000000
2014-02-06,7.980000
2014-02-07,7.960000
2014-02-10,7.860000
2014-02-11,7.860000
2014-02-12,7.900000
2014-02-13,7.800000
2014-02-14,7.820000
2014-02-17,7.860000
2014-02-18,7.820000
2014-02-19,7.720000
2014-02-20,7.660000
2014-02-21,7.680000
2014-02-24,8.100000
2014-02-25,7.800000
2014-02-26,7.780000
2014-02-27,7.740000
2014-02-28,7.960000
2014-03-03,8.120000
2014-03-04,8.220000
2014-03-05,8.400000
2014-03-06,8.580000
2014-03-07,8.660000
2014-03-10,8.460000
2014-03-11,8.440000
2014-03-12,8.280000
2014-03-13,8.430000
2014-03-14,8.400000
2014-03-17,8.420000
2014-03-18,8.480000
2014-03-19,8.670000
2014-03-20,8.550000
2014-03-21,8.270000
2014-03-24,8.210000
2014-03-25,8.140000
2014-03-26,8.150000
2014-03-27,8.240000
2014-03-28,8.220000
2014-03-31,8.460000
2014-04-01,8.650000
2014-04-02,8.640000
2014-04-03,8.600000
2014-04-04,8.610000
2014-04-07,8.840000
2014-04-08,9.130000
2014-04-09,9.070000
2014-04-10,9.060000
2014-04-11,9.000000
2014-04-14,9.060000
2014-04-15,9.170000
2014-04-16,9.070000
2014-04-17,9.110000
2014-04-18,9.220000
2014-04-21,9.350000
2014-04-22,9.280000
2014-04-24,9.350000
2014-04-25,9.290000
2014-04-28,9.300000
2014-04-29,9.320000
2014-04-30,9.300000
2014-05-02,9.400000
2014-05-05,9.400000
2014-05-06,9.480000
2014-05-07,9.500000
2014-05-08,9.500000
2014-05-09,9.380000
2014-05-12,9.400000
2014-05-13,9.200000
2014-05-14,9.150000
2014-05-15,9.300000
2014-05-16,9.210000
2014-05-20,9.110000
2014-05-21,9.210000
2014-05-22,9.290000
2014-05-23,9.360000
2014-05-26,9.350000
2014-05-27,9.440000
2014-05-28,9.410000
2014-05-29,9.450000
2014-05-30,9.380000
2014-06-02,9.440000
2014-06-03,9.450000
2014-06-04,9.400000
2014-06-05,9.390000
2014-06-06,9.430000
2014-06-09,9.460000
2014-06-10,9.430000
2014-06-11,9.530000
2014-06-12,9.220000
2014-06-13,9.330000
2014-06-16,9.330000
2014-06-17,9.280000
2014-06-18,9.250000
2014-06-19,9.380000
2014-06-20,9.340000
2014-06-23,9.310000
2014-06-24,9.360000
2014-06-25,9.260000
2014-06-26,9.310000
2014-06-27,9.330000
2014-06-30,9.380000
2014-07-01,9.410000
2014-07-02,9.210000
2014-07-03,9.220000
2014-07-04,9.260000
2014-07-07,9.250000
2014-07-08,9.300000
2014-07-09,9.420000
2014-07-10,9.480000
2014-07-11,9.450000
2014-07-14,9.440000
2014-07-15,9.500000
2014-07-16,9.450000
2014-07-17,9.430000
2014-07-18,9.390000
2014-07-21,9.470000
2014-07-22,9.420000
2014-07-23,9.440000
2014-07-24,9.410000
2014-07-25,9.390000
2014-07-31,9.370000
2014-08-01,9.340000
2014-08-04,9.360000
2014-08-05,9.380000
2014-08-06,9.200000
2014-08-07,9.170000
2014-08-08,9.150000
2014-08-11,9.210000
2014-08-12,9.100000
2014-08-13,9.130000
2014-08-14,9.170000
2014-08-15,9.300000
2014-08-18,9.170000
2014-08-19,9.300000
2014-08-20,9.420000
2014-08-21,9.540000
2014-08-22,9.490000
2014-08-25,9.520000
2014-08-26,9.710000
2014-08-27,9.590000
2014-08-28,9.560000
2014-08-29,9.620000
2014-09-01,9.680000
2014-09-02,9.880000
2014-09-03,9.840000
2014-09-04,9.920000
2014-09-05,9.880000
2014-09-08,9.870000
2014-09-09,9.770000
2014-09-10,9.620000
2014-09-11,9.630000
2014-09-12,9.540000
2014-09-15,9.400000
2014-09-16,9.500000
2014-09-17,9.550000
2014-09-18,9.520000
2014-09-19,9.550000
2014-09-22,9.500000
2014-09-23,9.610000
2014-09-24,9.580000
2014-09-25,9.380000
2014-09-26,9.300000
2014-09-29,9.260000
2014-09-30,9.050000
2014-10-01,9.150000
2014-10-02,9.350000
2014-10-03,9.740000
2014-10-08,9.720000
2014-10-09,9.960000
2014-10-10,10.100000
2014-10-13,10.050000
2014-10-14,10.050000
2014-10-15,9.860000
2014-10-16,9.920000
2014-10-17,9.960000
2014-10-20,10.100000
2014-10-21,10.050000
2014-10-22,10.050000
2014-10-23,10.050000
2014-10-24,10.050000
2014-10-27,10.100000
2014-10-28,10.050000
2014-10-30,10.100000
2014-10-31,10.200000
2014-11-03,10.400000
2014-11-04,10.500000
2014-11-05,10.500000
2014-11-06,10.300000
2014-11-07,10.000000
2014-11-10,10.250000
2014-11-11,10.250000
2014-11-12,10.250000
2014-11-13,10.450000
2014-11-14,10.400000
2014-11-17,10.450000
2014-11-18,10.300000
2014-11-19,10.350000
2014-11-20,10.500000
2014-11-21,10.500000
2014-11-24,10.800000
2014-11-25,11.250000
2014-11-26,11.300000
2014-11-27,11.150000
2014-11-28,11.150000
2014-12-01,11.050000
2014-12-02,10.800000
2014-12-03,10.850000
2014-12-04,11.000000
2014-12-05,11.100000
2014-12-08,11.100000
2014-12-09,11.000000
2014-12-10,11.100000
2014-12-11,11.150000
2014-12-12,11.100000
2014-12-15,10.900000
2014-12-16,10.800000
2014-12-17,10.400000
2014-12-18,10.950000
2014-12-19,10.900000
2014-12-22,11.100000
2014-12-23,11.150000
2014-12-24,11.250000
2014-12-25,11.650000
2014-12-26,12.100000
2014-12-29,12.100000
2014-12-30,11.850000
2014-12-31,11.850000
2015-01-01,11.850000
2015-01-02,12.000000
2015-01-05,12.000000
2015-01-06,12.000000
2015-01-07,12.350000
2015-01-08,12.050000
2015-01-09,12.000000
2015-01-12,12.050000
2015-01-13,11.950000
2015-01-14,11.650000
2015-01-15,11.700000
2015-01-16,11.500000
2015-01-19,11.650000
2015-01-20,11.750000
2015-01-21,11.750000
2015-01-22,11.900000
2015-01-23,12.000000
2015-01-26,12.300000
2015-01-27,12.200000
2015-01-28,12.250000
2015-01-29,12.200000
2015-01-30,12.000000
2015-02-02,11.900000
2015-02-03,11.750000
2015-02-04,11.600000
2015-02-05,11.700000
2015-02-06,11.500000
2015-02-09,11.200000
2015-02-10,11.400000
2015-02-11,11.300000
2015-02-12,11.500000
2015-02-13,11.550000
2015-02-16,11.650000
2015-02-17,11.600000
2015-02-18,11.450000
2015-02-19,11.550000
2015-02-20,11.550000
2015-02-23,11.550000
2015-02-24,11.850000
2015-02-25,12.000000
2015-02-26,11.900000
2015-02-27,11.950000
2015-03-02,12.150000
2015-03-03,12.000000
2015-03-04,11.850000
2015-03-05,11.600000
2015-03-06,11.900000
2015-03-09,11.800000
2015-03-10,11.650000
2015-03-11,11.850000
2015-03-12,11.850000
2015-03-13,11.850000
2015-03-16,11.950000
2015-03-17,12.150000
2015-03-18,11.800000
2015-03-19,12.050000
2015-03-20,12.100000
2015-03-23,12.500000
2015-03-24,12.400000
2015-03-25,12.350000
2015-03-26,12.450000
2015-03-27,12.400000
2015-03-30,12.400000
2015-03-31,12.400000
2015-04-01,12.400000
2015-04-02,12.400000
2015-04-03,12.450000
2015-04-06,12.550000
2015-04-07,12.750000
2015-04-08,13.350000
2015-04-09,13.800000
2015-04-10,13.550000
2015-04-13,13.950000
2015-04-14,13.400000
2015-04-15,13.600000
2015-04-16,13.950000
2015-04-17,14.000000
2015-04-20,13.750000
2015-04-21,13.750000
2015-04-22,13.950000
2015-04-24,14.050000
2015-04-27,14.200000
2015-04-28,14.250000
2015-04-29,14.150000
2015-04-30,14.050000
2015-05-04,14.300000
2015-05-05,15.950000
2015-05-06,15.600000
2015-05-07,14.800000
2015-05-08,14.500000
2015-05-11,15.050000
2015-05-12,14.850000
2015-05-13,15.200000
2015-05-14,14.750000
2015-05-15,14.750000
2015-05-18,15.050000
2015-05-20,15.200000
2015-05-21,15.350000
2015-05-22,15.150000
2015-05-25,15.000000
2015-05-26,14.800000
2015-05-27,14.950000
2015-05-28,14.750000
2015-05-29,14.250000
2015-06-01,14.100000
2015-06-02,13.800000
2015-06-03,13.600000
2015-06-04,13.750000
2015-06-05,13.850000
2015-06-08,12.400000
2015-06-09,12.850000
2015-06-10,13.250000
2015-06-11,13.300000
2015-06-12,13.400000
2015-06-15,13.300000
2015-06-16,12.800000
2015-06-17,12.850000
2015-06-18,13.050000
2015-06-19,13.100000
2015-06-22,13.800000
2015-06-23,13.800000
2015-06-24,14.500000
2015-06-25,14.450000
2015-06-26,14.200000
2015-06-29,14.200000
2015-06-30,13.900000
2015-07-01,13.950000
2015-07-02,14.250000
2015-07-03,14.250000
2015-07-06,14.300000
2015-07-07,14.700000
2015-07-08,14.650000
2015-07-09,15.050000
2015-07-10,15.200000
2015-07-13,15.900000
2015-07-14,15.500000
2015-07-15,15.200000
2015-07-16,15.750000
2015-07-20,15.400000
2015-07-21,15.400000
2015-07-22,15.300000
2015-07-23,15.100000
2015-07-24,14.700000
2015-07-27,14.700000
2015-07-28,15.350000
2015-07-29,15.300000
2015-07-30,15.250000
2015-07-31,15.000000
2015-08-03,14.850000
2015-08-04,14.850000
2015-08-05,14.550000
2015-08-06,14.700000
2015-08-07,14.600000
2015-08-10,14.250000
2015-08-11,14.400000
2015-08-12,14.400000
2015-08-13,14.200000
2015-08-14,14.500000
2015-08-17,14.400000
2015-08-18,14.350000
2015-08-19,14.350000
2015-08-20,14.150000
2015-08-21,14.100000
2015-08-24,13.800000
2015-08-25,14.150000
2015-08-26,14.100000
2015-08-27,14.350000
2015-08-28,14.200000
2015-08-31,14.150000
2015-09-01,14.100000
2015-09-02,14.100000
2015-09-03,14.050000
2015-09-04,13.850000
2015-09-07,13.450000
2015-09-08,13.350000
2015-09-09,13.300000
2015-09-10,13.150000
2015-09-11,13.050000
2015-09-14,13.100000
2015-09-15,13.650000
2015-09-16,13.900000
2015-09-17,13.900000
2015-09-18,14.050000
2015-09-21,14.100000
2015-09-22,14.100000
2015-09-23,14.050000
2015-09-28,14.100000
2015-09-29,13.500000
2015-09-30,13.850000
2015-10-01,14.000000
2015-10-02,13.950000
2015-10-05,14.100000
2015-10-06,14.350000
2015-10-07,14.800000
2015-10-08,14.850000
2015-10-09,14.900000
2015-10-12,14.800000
2015-10-13,14.800000
2015-10-14,14.850000
2015-10-15,14.950000
2015-10-16,14.750000
2015-10-19,14.600000
2015-10-20,14.700000
2015-10-21,14.650000
2015-10-22,14.700000
2015-10-23,14.750000
2015-10-26,14.650000
2015-10-27,14.400000
2015-10-28,14.100000
2015-10-30,13.900000
2015-11-02,14.850000
2015-11-03,14.750000
2015-11-04,14.750000
2015-11-05,14.700000
2015-11-06,14.450000
2015-11-09,14.600000
2015-11-10,14.700000
2015-11-11,14.600000
2015-11-12,14.750000
2015-11-13,14.950000
2015-11-16,15.650000
2015-11-17,16.400000
2015-11-18,16.150000
2015-11-19,15.800000
2015-11-20,15.650000
2015-11-23,16.150000
2015-11-24,16.050000
2015-11-25,16.250000
2015-11-26,16.300000
2015-11-27,16.150000
2015-11-30,16.610000
2015-12-01,16.790000
2015-12-02,16.600000
2015-12-03,16.200000
2015-12-04,16.340000
2015-12-07,16.300000
2015-12-08,16.240000
2015-12-09,16.160000
2015-12-10,15.710000
2015-12-11,15.370000
2015-12-14,15.480000
2015-12-15,15.890000
2015-12-16,16.270000
2015-12-17,17.040000
2015-12-18,16.810000
2015-12-21,17.120000
2015-12-22,17.160000
2015-12-23,17.110000
2015-12-24,16.930000
2015-12-25,17.080000
2015-12-28,17.030000
2015-12-29,17.050000
2015-12-30,16.890000
2015-12-31,16.870000
2016-01-04,17.120000
2016-01-05,17.340000
2016-01-06,17.470000
2016-01-07,17.500000
2016-01-08,17.800000
2016-01-11,18.150000
2016-01-12,18.760000
2016-01-13,18.490000
2016-01-14,18.230000
2016-01-15,18.110000
2016-01-18,17.930000
2016-01-19,18.340000
2016-01-20,17.940000
2016-01-21,17.390000
2016-01-22,17.880000
2016-01-25,18.740000
2016-01-26,18.550000
2016-01-27,18.340000
2016-01-28,18.080000
2016-01-29,18.100000
2016-02-01,17.980000
2016-02-02,18.050000
2016-02-03,18.100000
2016-02-04,17.900000
2016-02-05,17.900000
2016-02-08,17.520000
2016-02-09,17.360000
2016-02-10,17.500000
2016-02-11,17.280000
2016-02-12,17.130000
2016-02-15,16.900000
2016-02-16,16.750000
2016-02-17,17.200000
2016-02-18,17.310000
2016-02-19,17.200000
2016-02-22,17.420000
2016-02-23,17.580000
2016-02-24,17.560000
2016-02-25,17.700000
2016-02-26,17.550000
2016-02-29,17.630000
2016-03-01,17.990000
2016-03-02,18.260000
2016-03-03,18.200000
2016-03-04,18.110000
2016-03-07,18.110000
2016-03-08,17.150000
2016-03-09,17.150000
2016-03-10,17.130000
2016-03-11,17.210000
2016-03-14,17.190000
2016-03-15,17.150000
2016-03-16,17.200000
2016-03-17,17.360000
2016-03-18,17.700000
2016-03-21,18.050000
2016-03-22,17.920000
2016-03-23,17.350000
2016-03-24,17.880000
2016-03-25,18.050000
2016-03-28,18.100000
2016-03-29,18.100000
2016-03-30,18.210000
2016-03-31,18.300000
2016-04-01,18.280000
2016-04-04,18.640000
2016-04-05,18.710000
2016-04-06,18.800000
2016-04-07,18.850000
2016-04-08,19.110000
2016-04-11,19.210000
2016-04-12,19.850000
2016-04-13,20.400000
2016-04-14,20.100000
2016-04-15,20.100000
2016-04-18,19.920000
2016-04-19,19.980000
2016-04-20,19.990000
2016-04-21,19.850000
2016-04-22,19.920000
2016-04-25,19.870000
2016-04-26,19.870000
2016-04-27,20.120000
2016-04-28,20.060000
2016-04-29,19.960000
2016-05-02,19.780000
2016-05-03,19.530000
2016-05-04,18.990000
2016-05-05,18.830000
2016-05-06,19.550000
2016-05-09,19.850000
2016-05-10,19.810000
2016-05-11,19.930000
2016-05-12,20.080000
2016-05-13,20.000000
2016-05-16,19.530000
2016-05-17,19.490000
2016-05-18,19.200000
2016-05-20,19.000000
2016-05-23,19.340000
2016-05-24,19.990000
2016-05-25,9.980000
2016-05-26,9.840000
2016-05-27,9.970000
2016-05-30,10.080000
2016-05-31,9.970000
2016-06-01,9.830000
2016-06-02,9.740000
2016-06-03,9.800000
2016-06-06,9.690000
2016-06-07,9.600000
2016-06-08,9.690000
2016-06-09,9.640000
2016-06-10,9.600000
2016-06-13,9.380000
2016-06-14,9.180000
2016-06-15,9.220000
2016-06-16,9.060000
2016-06-17,9.150000
2016-06-20,9.520000
2016-06-21,9.510000
2016-06-22,9.320000
2016-06-23,9.510000
2016-06-24,9.510000
2016-06-27,9.390000
2016-06-28,9.510000
2016-06-29,9.460000
2016-06-30,9.420000
2016-07-01,9.720000
2016-07-04,9.730000
2016-07-08,9.810000
2016-07-11,9.830000
2016-07-12,9.850000
2016-07-13,10.010000
2016-07-14,10.040000
2016-07-15,9.950000
2016-07-18,9.080000
2016-07-19,9.160000
2016-07-20,9.390000
2016-07-21,9.010000
2016-07-22,8.900000
2016-07-25,9.100000
2016-07-26,9.040000
2016-07-27,9.340000
2016-07-28,9.480000
2016-07-29,9.450000
2016-08-01,9.550000
2016-08-02,9.600000
2016-08-03,9.320000
2016-08-04,9.480000
2016-08-05,9.350000
2016-08-08,9.500000
2016-08-09,9.490000
2016-08-10,9.410000
2016-08-11,9.460000
2016-08-12,9.400000
2016-08-15,9.500000
2016-08-16,9.400000
2016-08-17,9.460000
2016-08-18,9.330000
2016-08-19,9.350000
2016-08-22,9.410000
2016-08-23,9.380000
2016-08-24,9.420000
2016-08-25,9.380000
2016-08-26,9.410000
2016-08-29,9.420000
2016-08-31,9.450000
2016-09-01,9.550000
2016-09-02,9.620000
2016-09-05,9.690000
2016-09-06,9.740000
2016-09-07,9.660000
2016-09-08,9.640000
2016-09-09,9.590000
2016-09-16,9.480000
2016-09-19,9.650000
2016-09-20,9.570000
2016-09-21,9.540000
2016-09-22,9.680000
2016-09-23,9.710000
2016-09-26,9.350000
2016-09-27,9.420000
2016-09-28,9.430000
2016-09-29,9.460000
2016-09-30,9.410000
2016-10-03,9.470000
2016-10-04,9.420000
2016-10-05,9.440000
2016-10-06,9.440000
2016-10-07,9.480000
2016-10-10,9.470000
2016-10-11,9.460000
2016-10-12,9.470000
2016-10-13,9.430000
2016-10-14,9.440000
2016-10-17,9.410000
2016-10-18,9.440000
2016-10-19,9.540000
2016-10-20,9.570000
2016-10-21,9.550000
2016-10-24,9.560000
2016-10-25,9.560000
2016-10-26,9.530000
2016-10-27,9.470000
2016-10-28,9.470000
2016-10-31,9.400000
2016-11-01,9.400000
2016-11-02,9.400000
2016-11-03,9.420000
2016-11-04,9.390000
2016-11-07,9.420000
2016-11-08,9.520000
2016-11-09,9.900000
2016-11-10,10.350000
2016-11-11,10.360000
2016-11-14,10.490000
2016-11-15,10.430000
2016-11-16,10.500000
2016-11-17,10.770000
2016-11-18,10.860000
2016-11-21,10.700000
2016-11-22,10.750000
2016-11-23,10.950000
2016-11-24,11.300000
2016-11-25,11.090000
2016-11-28,10.850000
2016-11-29,10.960000
2016-11-30,11.060000
2016-12-01,10.820000
2016-12-02,11.090000
2016-12-05,11.060000
2016-12-06,11.120000
2016-12-07,11.140000
2016-12-08,11.080000
2016-12-09,11.080000
2016-12-12,11.170000
2016-12-13,11.150000
2016-12-14,11.150000
2016-12-15,11.440000
2016-12-16,11.880000
2016-12-19,11.940000
2016-12-20,12.230000
2016-12-21,12.170000
2016-12-22,12.060000
2016-12-23,11.930000
2016-12-26,12.150000
2016-12-27,12.110000
2016-12-28,12.090000
2016-12-29,12.090000
2016-12-30,12.710000
2017-01-02,12.240000
2017-01-03,12.050000
2017-01-04,12.160000
2017-01-05,12.270000
2017-01-06,12.370000
2017-01-09,12.990000
2017-01-10,13.250000
2017-01-11,13.110000
2017-01-12,13.160000
2017-01-13,13.180000
2017-01-16,13.700000
2017-01-17,14.100000
2017-01-18,13.890000
2017-01-19,13.680000
2017-01-20,13.720000
2017-01-23,13.700000
2017-01-24,13.510000
2017-01-25,13.060000
2017-01-26,13.440000
2017-01-27,13.320000
2017-01-30,13.580000
2017-01-31,13.660000
2017-02-01,13.680000
2017-02-02,13.620000
2017-02-03,13.650000
2017-02-06,14.020000
2017-02-07,14.000000
2017-02-08,13.920000
2017-02-09,13.900000
2017-02-10,13.940000
2017-02-13,13.930000
2017-02-14,13.780000
2017-02-15,13.470000
2017-02-16,13.350000
2017-02-17,13.350000
2017-02-20,13.350000
2017-02-21,13.920000
2017-02-22,13.890000
2017-02-23,14.200000
2017-02-24,14.200000
2017-02-27,14.580000
2017-02-28,15.150000
2017-03-01,15.990000
2017-03-02,15.770000
2017-03-03,15.780000
2017-03-06,15.890000
2017-03-07,16.480000
2017-03-08,16.780000
2017-03-09,16.550000
2017-03-10,16.820000
2017-03-13,17.320000
2017-03-14,17.900000
2017-03-15,17.760000
2017-03-16,17.550000
2017-03-17,17.350000
2017-03-20,17.480000
2017-03-21,17.060000
2017-03-22,17.130000
2017-03-23,17.140000
2017-03-24,17.140000
2017-03-27,16.820000
2017-03-28,16.900000
2017-03-29,17.140000
2017-03-30,17.250000
2017-03-31,16.990000
2017-04-03,17.140000
2017-04-04,17.090000
2017-04-05,17.160000
2017-04-06,16.990000
2017-04-07,17.000000
2017-04-10,17.150000
2017-04-11,17.080000
2017-04-12,17.120000
2017-04-13,16.900000
2017-04-14,16.970000
2017-04-17,17.120000
2017-04-18,17.230000
2017-04-19,18.030000
2017-04-20,19.170000
2017-04-21,18.800000
2017-04-24,18.800000
2017-04-25,18.700000
2017-04-26,18.810000
2017-04-27,18.830000
2017-04-28,19.530000
2017-05-02,20.680000
2017-05-03,20.280000
2017-05-04,20.900000
2017-05-05,21.180000
2017-05-08,21.140000
2017-05-09,20.900000
2017-05-10,20.980000
2017-05-11,20.740000
2017-05-12,20.640000
2017-05-15,21.200000
2017-05-16,22.000000
2017-05-17,22.080000
2017-05-18,21.280000
2017-05-22,21.000000
2017-05-23,21.340000
2017-05-24,21.340000
2017-05-25,21.220000
2017-05-26,21.280000
2017-05-29,21.380000
2017-05-30,21.340000
2017-05-31,21.940000
2017-06-01,22.120000
2017-06-02,22.000000
2017-06-05,21.920000
2017-06-06,22.040000
2017-06-07,21.840000
2017-06-08,21.860000
2017-06-09,22.060000
2017-06-12,22.100000
2017-06-13,22.020000
2017-06-14,22.000000
2017-06-15,22.060000
2017-06-16,21.840000
2017-06-19,21.800000
2017-06-20,21.700000
2017-06-21,21.980000
2017-06-22,22.080000
2017-06-23,22.020000
2017-06-28,22.000000
2017-06-29,21.940000
2017-06-30,21.860000
2017-07-03,21.800000
2017-07-04,21.700000
2017-07-05,21.480000
2017-07-06,21.620000
2017-07-07,21.520000
2017-07-10,21.560000
2017-07-11,21.740000
2017-07-12,21.640000
2017-07-13,21.660000
2017-07-14,21.680000
2017-07-17,22.020000
2017-07-18,23.460000
2017-07-19,23.980000
2017-07-20,23.140000
2017-07-21,23.400000
2017-07-24,23.860000
2017-07-25,23.900000
2017-07-26,24.040000
2017-07-27,24.300000
2017-07-28,24.320000
2017-07-31,24.060000
2017-08-01,23.980000
2017-08-02,24.100000
2017-08-03,24.100000
2017-08-04,24.480000
2017-08-07,25.800000
2017-08-08,25.920000
2017-08-09,26.180000
2017-08-10,26.660000
2017-08-11,26.380000
2017-08-14,27.180000
2017-08-15,26.940000
2017-08-16,26.640000
2017-08-17,26.360000
2017-08-18,26.500000
2017-08-21,26.540000
2017-08-22,26.200000
2017-08-23,26.760000
2017-08-24,26.760000
2017-08-25,26.600000
2017-08-28,26.500000
2017-08-29,26.700000
2017-08-31,27.000000
2017-09-05,26.700000
2017-09-06,26.900000
2017-09-07,26.840000
2017-09-08,26.760000
2017-09-11,27.080000
2017-09-12,27.100000
2017-09-13,27.480000
2017-09-14,27.420000
2017-09-15,27.340000
2017-09-18,26.900000
2017-09-19,26.400000
2017-09-20,26.780000
2017-09-21,26.360000
2017-09-22,26.200000
2017-09-25,24.440000
2017-09-26,25.040000
2017-09-27,25.120000
2017-09-28,26.340000
2017-09-29,26.300000
2017-10-02,26.700000
2017-10-03,26.580000
2017-10-04,26.660000
2017-10-05,26.380000
2017-10-06,26.520000
2017-10-09,25.880000
2017-10-10,26.520000
2017-10-11,26.440000
2017-10-12,27.020000
2017-10-13,27.560000
2017-10-16,28.300000
2017-10-17,28.700000
2017-10-18,28.700000
2017-10-19,28.920000
2017-10-20,29.760000
2017-10-23,30.940000
2017-10-24,31.500000
2017-10-25,31.540000
2017-10-26,32.220000
2017-10-27,32.160000
2017-10-30,32.620000
2017-10-31,33.940000
2017-11-01,33.280000
2017-11-02,33.960000
2017-11-03,35.380000
2017-11-06,38.500000
2017-11-07,38.860000
2017-11-08,39.400000
2017-11-09,39.300000
2017-11-10,39.760000
2017-11-13,42.100000
2017-11-14,45.260000
2017-11-15,40.120000
2017-11-16,32.360000
2017-11-17,33.620000
2017-11-20,33.260000
2017-11-21,33.280000
2017-11-22,32.780000
2017-11-23,32.160000
2017-11-24,32.240000
2017-11-27,32.240000
2017-11-28,30.040000
2017-11-29,30.000000
2017-11-30,33.300000
2017-12-01,33.000000
2017-12-04,32.660000
2017-12-05,32.240000
2017-12-06,31.640000
2017-12-07,31.800000
2017-12-08,33.520000
2017-12-11,33.420000
2017-12-12,32.760000
2017-12-13,32.200000
2017-12-14,32.620000
2017-12-15,33.020000
2017-12-18,32.740000
2017-12-19,32.420000
2017-12-20,32.440000
2017-12-21,32.240000
2017-12-22,32.140000
2017-12-25,32.420000
2017-12-26,32.420000
2017-12-27,30.580000
2017-12-28,30.540000
2017-12-29,31.800000
2017-12-30,0.000000
2018-01-02,32.940000
2018-01-03,32.000000
2018-01-04,32.220000
2018-01-05,32.320000
2018-01-08,32.480000
2018-01-09,32.000000
2018-01-10,31.720000
2018-01-11,32.120000
2018-01-12,31.880000
2018-01-15,31.020000
2018-01-16,32.260000
2018-01-17,31.900000
2018-01-18,32.040000
2018-01-19,31.720000
2018-01-22,31.940000
2018-01-23,31.880000
2018-01-24,34.200000
2018-01-25,32.880000
2018-01-26,32.560000
2018-01-29,32.580000
2018-01-30,33.060000
2018-01-31,33.240000
2018-02-01,33.400000
2018-02-02,32.860000
2018-02-05,32.300000
2018-02-06,31.700000
2018-02-07,31.920000
2018-02-08,31.000000
2018-02-09,31.000000
2018-02-12,31.000000
2018-02-13,30.500000
2018-02-14,32.520000
2018-02-15,31.940000
2018-02-16,32.160000
2018-02-19,32.320000
2018-02-20,31.320000
2018-02-21,32.460000
2018-02-22,32.160000
2018-02-23,32.160000
2018-02-26,32.280000
2018-02-27,31.520000
2018-02-28,31.160000
2018-03-01,30.620000
2018-03-02,30.300000
2018-03-05,30.620000
2018-03-06,30.400000
2018-03-07,30.340000
2018-03-08,30.200000
2018-03-09,30.400000
2018-03-12,30.880000
2018-03-13,31.420000
2018-03-14,30.940000
2018-03-15,30.780000
2018-03-16,30.760000
2018-03-19,30.540000
2018-03-20,30.700000
2018-03-21,30.780000
2018-03-22,30.560000
2018-03-23,30.840000
2018-03-26,30.800000
2018-03-27,30.560000
2018-03-28,30.480000
2018-03-29,30.700000
2018-03-30,30.920000
2018-04-02,30.680000
2018-04-03,30.220000
2018-04-04,28.980000
2018-04-05,28.520000
2018-04-06,28.560000
2018-04-09,27.700000
2018-04-10,27.220000
2018-04-11,26.680000
2018-04-12,26.700000
2018-04-13,26.560000
2018-04-16,27.080000
2018-04-17,26.420000
2018-04-18,27.100000
2018-04-19,26.820000
2018-04-20,26.660000
2018-04-24,26.120000
2018-04-25,25.380000
2018-04-26,25.040000
2018-04-27,26.800000
2018-04-30,25.200000
2018-05-02,25.080000
2018-05-03,24.780000
2018-05-04,24.560000
2018-05-07,24.280000
2018-05-08,23.140000
2018-05-09,23.380000
2018-05-10,23.420000
2018-05-11,23.180000
2018-05-14,23.580000
2018-05-15,23.440000
2018-05-16,23.700000
2018-05-17,24.360000
2018-05-18,24.000000
2018-05-21,23.820000
2018-05-22,23.600000
2018-05-23,23.600000
2018-05-24,23.600000
2018-05-25,23.600000
2018-05-28,23.600000
2018-05-29,23.600000
2018-05-30,23.600000
2018-05-31,23.600000
2018-06-01,23.600000
2018-06-04,23.600000
2018-06-05,23.600000
2018-06-06,23.600000
2018-06-07,21.600000
2018-06-08,21.340000
2018-06-11,21.620000
2018-06-12,21.260000
2018-06-13,21.060000
2018-06-14,20.500000
2018-06-18,19.550000
2018-06-19,20.300000
2018-06-20,20.820000
2018-06-21,21.260000
2018-06-22,21.140000
2018-06-25,21.360000
2018-06-26,22.200000
2018-06-27,22.700000
2018-06-28,23.040000
2018-06-29,23.140000
2018-07-02,23.780000
2018-07-03,23.900000
2018-07-04,24.120000
2018-07-05,25.580000
2018-07-06,26.540000
2018-07-09,27.380000
2018-07-10,27.480000
2018-07-11,25.340000
2018-07-12,26.020000
2018-07-13,26.000000
2018-07-16,26.820000
2018-07-17,28.760000
2018-07-18,28.420000
2018-07-19,28.300000
2018-07-20,28.160000
2018-07-23,28.800000
2018-07-24,27.620000
2018-07-25,28.420000
2018-07-26,27.280000
2018-07-27,27.000000
2018-07-30,27.460000
2018-07-31,27.140000
2018-08-01,27.300000
2018-08-02,26.060000
2018-08-03,27.140000
2018-08-06,26.360000
2018-08-07,26.700000
2018-08-08,26.660000
2018-08-09,26.920000
2018-08-10,26.620000
2018-08-13,25.220000
2018-08-14,27.120000
2018-08-15,25.880000
2018-08-16,25.860000
2018-08-17,25.100000
2018-08-20,25.180000
2018-08-27,25.440000
2018-08-28,26.660000
2018-08-29,26.060000
2018-08-31,25.820000
2018-09-03,26.540000
2018-09-04,26.060000
2018-09-05,26.040000
2018-09-06,26.060000
2018-09-07,26.020000
2018-09-10,25.840000
2018-09-11,26.120000
2018-09-12,25.860000
2018-09-13,26.120000
2018-09-14,26.320000
2018-09-17,26.400000
2018-09-18,26.960000
2018-09-19,26.920000
2018-09-20,26.440000
2018-09-21,26.760000
2018-09-24,27.320000
2018-09-25,27.620000
2018-09-26,27.400000
2018-09-27,27.800000
2018-09-28,27.580000
2018-10-01,27.660000
2018-10-02,27.500000
2018-10-03,27.120000
2018-10-04,25.720000
2018-10-05,27.020000
2018-10-08,26.860000
2018-10-09,26.920000
2018-10-10,26.120000
2018-10-11,26.260000
2018-10-12,27.340000
2018-10-15,28.360000
2018-10-16,27.780000
2018-10-17,27.280000
2018-10-18,27.400000
2018-10-19,26.880000
2018-10-22,26.000000
2018-10-23,25.800000
2018-10-24,25.160000
2018-10-25,25.720000
2018-10-26,24.820000
2018-10-30,24.920000
2018-10-31,25.260000
2018-11-01,26.200000
2018-11-02,27.180000
2018-11-05,27.360000
2018-11-06,26.980000
2018-11-07,27.640000
2018-11-08,27.380000
2018-11-09,27.720000
2018-11-12,27.340000
2018-11-13,27.540000
2018-11-14,27.600000
2018-11-15,27.820000
2018-11-16,27.220000
2018-11-19,26.940000
2018-11-20,26.000000
2018-11-21,26.520000
2018-11-22,26.200000
2018-11-23,26.200000
2018-11-26,26.380000
2018-11-27,26.540000
2018-11-28,27.160000
2018-11-29,27.260000
2018-11-30,26.700000
2018-12-03,26.320000
2018-12-04,26.120000
2018-12-05,26.460000
2018-12-06,26.420000
2018-12-07,26.580000
2018-12-10,26.000000
2018-12-11,25.760000
2018-12-12,24.800000
2018-12-13,24.860000
2018-12-14,23.880000
2018-12-17,23.360000
2018-12-18,23.460000
2018-12-19,23.980000
2018-12-20,23.540000
2018-12-21,24.300000
2018-12-24,24.420000
2018-12-25,23.980000
2018-12-26,24.040000
2018-12-27,24.100000
2018-12-28,23.900000
2018-12-31,24.080000
2019-01-02,23.500000
2019-01-03,22.620000
2019-01-04,22.940000
2019-01-07,22.960000
2019-01-08,22.920000
2019-01-09,22.920000
2019-01-10,23.580000
2019-01-11,23.240000
2019-01-14,23.140000
2019-01-15,23.360000
2019-01-16,23.720000
2019-01-17,23.580000
2019-01-18,24.160000
2019-01-21,24.200000
2019-01-22,24.320000
2019-01-23,24.700000
2019-01-24,25.100000
2019-01-25,25.120000
2019-01-28,25.060000
2019-01-29,25.540000
2019-01-30,26.360000
2019-01-31,25.700000
2019-02-01,24.860000
2019-02-04,24.320000
2019-02-05,23.920000
2019-02-06,23.760000
2019-02-07,23.800000
2019-02-08,23.720000
2019-02-11,24.460000
2019-02-12,23.620000
2019-02-13,23.340000
2019-02-14,23.980000
2019-02-15,24.340000
2019-02-18,24.540000
2019-02-19,24.300000
2019-02-20,24.540000
2019-02-21,25.120000
2019-02-22,25.660000
2019-02-25,25.100000
2019-02-26,25.640000
2019-02-27,24.560000
2019-02-28,24.520000
2019-03-01,23.840000
2019-03-04,24.080000
2019-03-05,24.260000
2019-03-06,23.880000
2019-03-07,23.000000
2019-03-08,22.740000
2019-03-11,22.240000
2019-03-12,23.160000
2019-03-13,22.640000
2019-03-14,22.980000
2019-03-15,23.180000
2019-03-18,23.420000
2019-03-19,23.480000
2019-03-20,22.960000
2019-03-21,22.840000
2019-03-22,22.220000
2019-03-25,22.400000
2019-03-26,21.800000
2019-03-27,20.100000
2019-03-28,20.500000
2019-03-29,21.280000
2019-04-01,21.180000
2019-04-02,20.720000
2019-04-03,20.840000
2019-04-04,21.520000
2019-04-05,21.820000
2019-04-08,21.260000
2019-04-09,21.500000
2019-04-10,21.200000
2019-04-11,21.160000
2019-04-12,21.000000
2019-04-15,20.960000
2019-04-16,21.220000
2019-04-17,21.400000
2019-04-18,21.180000
2019-04-19,21.200000
2019-04-22,21.000000
2019-04-24,21.400000
2019-04-25,20.960000
2019-04-26,21.300000
2019-04-29,20.740000
2019-04-30,20.440000
2019-05-02,20.120000
2019-05-03,20.300000
2019-05-06,20.040000
2019-05-07,20.280000
2019-05-08,19.490000
2019-05-09,18.800000
2019-05-10,18.510000
2019-05-13,17.700000
2019-05-14,18.180000
2019-05-15,17.750000
2019-05-16,17.700000
2019-05-17,18.870000
2019-05-20,17.800000
2019-05-21,17.620000
2019-05-22,16.590000
2019-05-23,16.750000
2019-05-24,17.190000
2019-05-27,17.010000
2019-05-28,17.370000
2019-05-29,17.370000
2019-05-30,18.030000
2019-05-31,18.280000
2019-06-03,18.140000
2019-06-07,18.700000
2019-06-10,19.050000
2019-06-11,18.440000
2019-06-12,18.610000
2019-06-13,17.890000
2019-06-14,17.640000
2019-06-17,18.070000
2019-06-18,18.380000
2019-06-19,17.900000
2019-06-20,17.960000
2019-06-21,17.950000
2019-06-24,18.070000
2019-06-25,18.000000
2019-06-26,17.740000
2019-06-27,18.010000
2019-06-28,18.000000
2019-07-01,18.850000
2019-07-02,18.840000
2019-07-03,18.400000
2019-07-04,18.250000
2019-07-05,18.070000
2019-07-08,17.910000
2019-07-09,17.090000
2019-07-10,17.140000
2019-07-11,17.310000
2019-07-12,16.680000
2019-07-16,17.040000
2019-07-17,17.980000
2019-07-18,18.270000
2019-07-19,18.190000
2019-07-22,18.030000
2019-07-23,18.310000
2019-07-24,18.500000
2019-07-25,18.180000
2019-07-26,18.850000
2019-07-29,19.800000
2019-07-30,19.310000
2019-07-31,18.950000
2019-08-01,19.580000
2019-08-02,18.910000
2019-08-05,18.600000
2019-08-06,18.600000
2019-08-07,17.440000
2019-08-08,17.230000
2019-08-09,17.210000
2019-08-15,17.070000
2019-08-16,16.900000
2019-08-19,17.070000
2019-08-20,17.610000
2019-08-21,18.020000
2019-08-22,17.520000
2019-08-23,17.660000
2019-08-26,17.900000
2019-08-27,18.100000
2019-08-28,17.800000
2019-08-29,18.240000
2019-09-02,18.830000
2019-09-03,18.710000
2019-09-04,19.200000
2019-09-05,19.130000
2019-09-06,19.200000
2019-09-09,19.320000
2019-09-10,19.950000
2019-09-11,20.260000
2019-09-12,19.840000
2019-09-13,19.980000
2019-09-16,20.100000
2019-09-17,19.550000
2019-09-18,19.330000
2019-09-19,18.850000
2019-09-20,18.740000
2019-09-23,18.540000
2019-09-24,18.900000
2019-09-25,18.900000
2019-09-26,18.660000
2019-09-27,19.580000
2019-09-30,20.120000
2019-10-01,19.440000
2019-10-02,19.300000
2019-10-03,18.980000
2019-10-04,19.100000
2019-10-07,19.020000
2019-10-08,18.720000
2019-10-09,18.280000
2019-10-10,17.990000
2019-10-11,18.220000
2019-10-14,17.030000
2019-10-15,17.240000
2019-10-16,16.870000
2019-10-17,16.910000
2019-10-18,17.870000
2019-10-21,17.590000
2019-10-22,17.670000
2019-10-23,18.160000
2019-10-24,18.170000
2019-10-25,18.690000
2019-10-28,18.660000
2019-10-30,18.300000
2019-10-31,18.350000
2019-11-01,18.390000
2019-11-04,18.870000
2019-11-05,18.890000
2019-11-06,18.610000
2019-11-07,18.940000
2019-11-08,18.910000
2019-11-11,18.780000
2019-11-12,19.060000
2019-11-13,19.280000
2019-11-14,18.960000
2019-11-15,19.120000
2019-11-18,19.280000
2019-11-19,19.420000
2019-11-20,19.400000
2019-11-21,19.310000
2019-11-22,19.260000
2019-11-25,18.720000
2019-11-26,18.840000
2019-11-27,18.640000
2019-11-28,18.820000
2019-11-29,18.670000
2019-12-02,18.790000
2019-12-03,18.810000
2019-12-04,18.940000
2019-12-05,19.680000
2019-12-06,19.350000
2019-12-09,19.550000
2019-12-10,19.340000
2019-12-11,19.130000
2019-12-12,19.530000
2019-12-13,19.550000
2019-12-16,19.530000
2019-12-17,19.450000
2019-12-18,19.220000
2019-12-19,19.200000
2019-12-20,19.170000
2019-12-23,19.250000
2019-12-24,19.610000
2019-12-25,19.700000
2019-12-26,19.670000
2019-12-27,19.670000
2019-12-30,20.480000
2019-12-31,20.940000
2020-01-02,21.600000
2020-01-03,21.780000
2020-01-06,22.080000
2020-01-07,22.400000
2020-01-08,22.260000
2020-01-09,22.880000
2020-01-10,22.700000
2020-01-13,22.920000
2020-01-14,23.280000
2020-01-15,22.960000
2020-01-16,22.880000
2020-01-17,22.920000
2020-01-20,23.100000
2020-01-21,23.100000
2020-01-22,23.040000
2020-01-23,22.840000
2020-01-24,22.940000
2020-01-27,23.420000
2020-01-28,23.220000
2020-01-29,23.280000
2020-01-30,23.660000
2020-01-31,23.460000
2020-02-03,23.380000
2020-02-04,24.580000
2020-02-05,24.400000
2020-02-06,24.400000
2020-02-07,24.460000
2020-02-10,24.120000
2020-02-11,24.760000
2020-02-12,28.000000
2020-02-13,28.220000
2020-02-14,29.080000
2020-02-17,28.940000
2020-02-18,29.180000
2020-02-19,29.780000
2020-02-20,28.360000
2020-02-21,28.840000
2020-02-24,28.620000
2020-02-25,29.140000
2020-02-26,29.000000
2020-02-27,27.980000
2020-02-28,27.500000
2020-03-02,28.240000
2020-03-03,30.480000
2020-03-04,29.780000
2020-03-05,30.280000
2020-03-06,29.840000
2020-03-09,27.760000
2020-03-10,25.900000
2020-03-11,26.160000
2020-03-12,24.360000
2020-03-13,25.460000
2020-03-16,22.920000
2020-03-17,21.980000
2020-03-18,21.740000
2020-03-19,21.100000
2020-03-20,21.400000
2020-03-23,20.800000
2020-03-24,22.840000
2020-03-25,23.440000
2020-03-26,24.260000
2020-03-27,23.120000
2020-03-30,23.240000
2020-03-31,23.600000
2020-04-01,22.880000
2020-04-02,23.140000
2020-04-03,23.200000
2020-04-06,23.700000
2020-04-07,24.400000
2020-04-08,25.000000
2020-04-09,25.180000
2020-04-10,25.100000
2020-04-13,24.940000
2020-04-14,27.280000
2020-04-15,26.440000
2020-04-16,26.660000
2020-04-17,27.120000
